when,model,role,take,seconds,cost_usd,running_total_usd,status,file,prompt
2026-09-28T01:08:50Z,fal-ai/elevenlabs/sound-effects/v2,hit-light,1,0.7,0.0014,0.0014,ok,hit-light-1.wav,"Small energy bolt striking a starship metal hull, sharp metallic clang with sizzling sparks. Close-up, dry, cinematic sci-fi sound design, high fidelity, no music, no speech"
2026-09-28T01:08:50Z,fal-ai/elevenlabs/sound-effects/v2,hit-light,2,0.7,0.0014,0.0028,ok,hit-light-2.wav,"Small energy bolt striking a starship metal hull, sharp metallic clang with sizzling sparks. Close-up, dry, cinematic sci-fi sound design, high fidelity, no music, no speech"
2026-09-28T01:09:11Z,fal-ai/elevenlabs/sound-effects/v2,eng-f-0,1,8.0,0.0160,0.0188,ok,eng-f-0-1.wav,"Starship engine, continuous and steady, heard from close by: small utility spacecraft, buzzing electric thruster whine with a light turbine hum. Seamless steady loop, cinematic sci-fi sound design, high fidelity, no music, no speech"
2026-09-28T01:09:11Z,fal-ai/elevenlabs/sound-effects/v2,eng-f-0,2,8.0,0.0160,0.0348,ok,eng-f-0-2.wav,"Starship engine, continuous and steady, heard from close by: small utility spacecraft, buzzing electric thruster whine with a light turbine hum. Seamless steady loop, cinematic sci-fi sound design, high fidelity, no music, no speech"
2026-09-28T01:09:11Z,fal-ai/elevenlabs/sound-effects/v2,eng-m-0,1,8.0,0.0160,0.0508,ok,eng-m-0-1.wav,"Starship engine, continuous and steady, heard from close by: mid-size workhorse starship fusion drive, steady mechanical hum with a turbine whine. Seamless steady loop, cinematic sci-fi sound design, high fidelity, no music, no speech"
2026-09-28T01:09:11Z,fal-ai/elevenlabs/sound-effects/v2,eng-m-0,2,8.0,0.0160,0.0668,ok,eng-m-0-2.wav,"Starship engine, continuous and steady, heard from close by: mid-size workhorse starship fusion drive, steady mechanical hum with a turbine whine. Seamless steady loop, cinematic sci-fi sound design, high fidelity, no music, no speech"
2026-09-28T01:09:11Z,fal-ai/elevenlabs/sound-effects/v2,eng-c-0,1,8.0,0.0160,0.0828,ok,eng-c-0-1.wav,"Starship engine, continuous and steady, heard from close by: enormous industrial starship fusion drive, deep throbbing rumble with a heavy machinery groan. Seamless steady loop, cinematic sci-fi sound design, high fidelity, no music, no speech"
2026-09-28T01:09:11Z,fal-ai/elevenlabs/sound-effects/v2,eng-c-0,2,8.0,0.0160,0.0988,ok,eng-c-0-2.wav,"Starship engine, continuous and steady, heard from close by: enormous industrial starship fusion drive, deep throbbing rumble with a heavy machinery groan. Seamless steady loop, cinematic sci-fi sound design, high fidelity, no music, no speech"
2026-09-28T01:09:16Z,fal-ai/elevenlabs/sound-effects/v2,eng-f-1,1,8.0,0.0160,0.1148,ok,eng-f-1-1.wav,"Starship engine, continuous and steady, heard from close by: small living swarm creature flying fast, rapid wet insect-wing buzz with chittering. Seamless steady loop, cinematic sci-fi sound design, high fidelity, no music, no speech"
2026-09-28T01:09:17Z,fal-ai/elevenlabs/sound-effects/v2,eng-f-1,2,8.0,0.0160,0.1308,ok,eng-f-1-2.wav,"Starship engine, continuous and steady, heard from close by: small living swarm creature flying fast, rapid wet insect-wing buzz with chittering. Seamless steady loop, cinematic sci-fi sound design, high fidelity, no music, no speech"
2026-09-28T01:09:17Z,fal-ai/elevenlabs/sound-effects/v2,eng-m-1,1,8.0,0.0160,0.1468,ok,eng-m-1-1.wav,"Starship engine, continuous and steady, heard from close by: medium living creature-ship, wet pulsing organic throb with clicking. Seamless steady loop, cinematic sci-fi sound design, high fidelity, no music, no speech"
2026-09-28T01:09:17Z,fal-ai/elevenlabs/sound-effects/v2,eng-m-1,2,8.0,0.0160,0.1628,ok,eng-m-1-2.wav,"Starship engine, continuous and steady, heard from close by: medium living creature-ship, wet pulsing organic throb with clicking. Seamless steady loop, cinematic sci-fi sound design, high fidelity, no music, no speech"
2026-09-28T01:09:18Z,fal-ai/elevenlabs/sound-effects/v2,eng-c-1,1,8.0,0.0160,0.1788,ok,eng-c-1-1.wav,"Starship engine, continuous and steady, heard from close by: gigantic living hive creature-ship, slow deep wet heartbeat throb and cavernous organic breathing. Seamless steady loop, cinematic sci-fi sound design, high fidelity, no music, no speech"
2026-09-28T01:09:18Z,fal-ai/elevenlabs/sound-effects/v2,eng-c-1,2,8.0,0.0160,0.1948,ok,eng-c-1-2.wav,"Starship engine, continuous and steady, heard from close by: gigantic living hive creature-ship, slow deep wet heartbeat throb and cavernous organic breathing. Seamless steady loop, cinematic sci-fi sound design, high fidelity, no music, no speech"
2026-09-28T01:09:22Z,fal-ai/elevenlabs/sound-effects/v2,eng-f-2,1,8.0,0.0160,0.2108,ok,eng-f-2-1.wav,"Starship engine, continuous and steady, heard from close by: small crystalline craft, high glassy shimmering whine. Seamless steady loop, cinematic sci-fi sound design, high fidelity, no music, no speech"
2026-09-28T01:09:23Z,fal-ai/elevenlabs/sound-effects/v2,eng-f-2,2,8.0,0.0160,0.2268,ok,eng-f-2-2.wav,"Starship engine, continuous and steady, heard from close by: small crystalline craft, high glassy shimmering whine. Seamless steady loop, cinematic sci-fi sound design, high fidelity, no music, no speech"
2026-09-28T01:09:23Z,fal-ai/elevenlabs/sound-effects/v2,eng-m-2,1,8.0,0.0160,0.2428,ok,eng-m-2-1.wav,"Starship engine, continuous and steady, heard from close by: crystalline starship drive, glass-harmonica drone with shimmering resonance. Seamless steady loop, cinematic sci-fi sound design, high fidelity, no music, no speech"
2026-09-28T01:09:24Z,fal-ai/elevenlabs/sound-effects/v2,eng-m-2,2,8.0,0.0160,0.2588,ok,eng-m-2-2.wav,"Starship engine, continuous and steady, heard from close by: crystalline starship drive, glass-harmonica drone with shimmering resonance. Seamless steady loop, cinematic sci-fi sound design, high fidelity, no music, no speech"
2026-09-28T01:09:25Z,fal-ai/elevenlabs/sound-effects/v2,eng-c-2,1,8.0,0.0160,0.2748,ok,eng-c-2-1.wav,"Starship engine, continuous and steady, heard from close by: vast crystal starship, deep resonant singing-glass drone with slow shimmering beats. Seamless steady loop, cinematic sci-fi sound design, high fidelity, no music, no speech"
2026-09-28T01:09:25Z,fal-ai/elevenlabs/sound-effects/v2,eng-c-2,2,8.0,0.0160,0.2908,ok,eng-c-2-2.wav,"Starship engine, continuous and steady, heard from close by: vast crystal starship, deep resonant singing-glass drone with slow shimmering beats. Seamless steady loop, cinematic sci-fi sound design, high fidelity, no music, no speech"
2026-09-28T01:09:27Z,fal-ai/elevenlabs/sound-effects/v2,eng-f-3,1,8.0,0.0160,0.3068,ok,eng-f-3-1.wav,"Starship engine, continuous and steady, heard from close by: scrap-built small craft engine, rattling sputtering high-revving whine with loose metal. Seamless steady loop, cinematic sci-fi sound design, high fidelity, no music, no speech"
2026-09-28T01:09:29Z,fal-ai/elevenlabs/sound-effects/v2,eng-f-3,2,8.0,0.0160,0.3228,ok,eng-f-3-2.wav,"Starship engine, continuous and steady, heard from close by: scrap-built small craft engine, rattling sputtering high-revving whine with loose metal. Seamless steady loop, cinematic sci-fi sound design, high fidelity, no music, no speech"
2026-09-28T01:09:29Z,fal-ai/elevenlabs/sound-effects/v2,eng-m-3,1,8.0,0.0160,0.3388,ok,eng-m-3-1.wav,"Starship engine, continuous and steady, heard from close by: scrap-built freighter engine, rough rumbling chug with metal clanks. Seamless steady loop, cinematic sci-fi sound design, high fidelity, no music, no speech"
2026-09-28T01:09:29Z,fal-ai/elevenlabs/sound-effects/v2,eng-m-3,2,8.0,0.0160,0.3548,ok,eng-m-3-2.wav,"Starship engine, continuous and steady, heard from close by: scrap-built freighter engine, rough rumbling chug with metal clanks. Seamless steady loop, cinematic sci-fi sound design, high fidelity, no music, no speech"
2026-09-28T01:09:32Z,fal-ai/elevenlabs/sound-effects/v2,eng-c-3,1,8.0,0.0160,0.3708,ok,eng-c-3-1.wav,"Starship engine, continuous and steady, heard from close by: enormous scrap-built hauler, heavy rattling engine rumble with groaning chains and knocking. Seamless steady loop, cinematic sci-fi sound design, high fidelity, no music, no speech"
2026-09-28T01:09:32Z,fal-ai/elevenlabs/sound-effects/v2,eng-c-3,2,8.0,0.0160,0.3868,ok,eng-c-3-2.wav,"Starship engine, continuous and steady, heard from close by: enormous scrap-built hauler, heavy rattling engine rumble with groaning chains and knocking. Seamless steady loop, cinematic sci-fi sound design, high fidelity, no music, no speech"
2026-09-28T01:09:34Z,fal-ai/elevenlabs/sound-effects/v2,eng-f-4,1,8.0,0.0160,0.4028,ok,eng-f-4-1.wav,"Starship engine, continuous and steady, heard from close by: small ethereal craft, airy shimmering whisper tone. Seamless steady loop, cinematic sci-fi sound design, high fidelity, no music, no speech"
2026-09-28T01:09:34Z,fal-ai/elevenlabs/sound-effects/v2,eng-f-4,2,8.0,0.0160,0.4188,ok,eng-f-4-2.wav,"Starship engine, continuous and steady, heard from close by: small ethereal craft, airy shimmering whisper tone. Seamless steady loop, cinematic sci-fi sound design, high fidelity, no music, no speech"
2026-09-28T01:09:35Z,fal-ai/elevenlabs/sound-effects/v2,eng-m-4,1,8.0,0.0160,0.4348,ok,eng-m-4-1.wav,"Starship engine, continuous and steady, heard from close by: ethereal vessel, soft harmonic hum with breathy air. Seamless steady loop, cinematic sci-fi sound design, high fidelity, no music, no speech"
2026-09-28T01:09:36Z,fal-ai/elevenlabs/sound-effects/v2,eng-m-4,2,8.0,0.0160,0.4508,ok,eng-m-4-2.wav,"Starship engine, continuous and steady, heard from close by: ethereal vessel, soft harmonic hum with breathy air. Seamless steady loop, cinematic sci-fi sound design, high fidelity, no music, no speech"
2026-09-28T01:09:38Z,fal-ai/elevenlabs/sound-effects/v2,eng-c-4,1,8.0,0.0160,0.4668,ok,eng-c-4-1.wav,"Starship engine, continuous and steady, heard from close by: vast serene vessel, deep calm harmonic drone with airy shimmer. Seamless steady loop, cinematic sci-fi sound design, high fidelity, no music, no speech"
2026-09-28T01:09:39Z,fal-ai/elevenlabs/sound-effects/v2,eng-c-4,2,8.0,0.0160,0.4828,ok,eng-c-4-2.wav,"Starship engine, continuous and steady, heard from close by: vast serene vessel, deep calm harmonic drone with airy shimmer. Seamless steady loop, cinematic sci-fi sound design, high fidelity, no music, no speech"
2026-09-28T01:09:40Z,fal-ai/elevenlabs/sound-effects/v2,eng-f-5,1,8.0,0.0160,0.4988,ok,eng-f-5-1.wav,"Starship engine, continuous and steady, heard from close by: twin ion engine starfighter, harsh screaming howl, aggressive and piercing. Seamless steady loop, cinematic sci-fi sound design, high fidelity, no music, no speech"
2026-09-28T01:09:40Z,fal-ai/elevenlabs/sound-effects/v2,eng-f-5,2,8.0,0.0160,0.5148,ok,eng-f-5-2.wav,"Starship engine, continuous and steady, heard from close by: twin ion engine starfighter, harsh screaming howl, aggressive and piercing. Seamless steady loop, cinematic sci-fi sound design, high fidelity, no music, no speech"
2026-09-28T01:09:42Z,fal-ai/elevenlabs/sound-effects/v2,eng-m-5,1,8.0,0.0160,0.5308,ok,eng-m-5-1.wav,"Starship engine, continuous and steady, heard from close by: military corvette, steady hard ion thruster roar with a mechanical hum. Seamless steady loop, cinematic sci-fi sound design, high fidelity, no music, no speech"
2026-09-28T01:09:43Z,fal-ai/elevenlabs/sound-effects/v2,eng-m-5,2,8.0,0.0160,0.5468,ok,eng-m-5-2.wav,"Starship engine, continuous and steady, heard from close by: military corvette, steady hard ion thruster roar with a mechanical hum. Seamless steady loop, cinematic sci-fi sound design, high fidelity, no music, no speech"
2026-09-28T01:09:43Z,fal-ai/elevenlabs/sound-effects/v2,eng-c-5,1,8.0,0.0160,0.5628,ok,eng-c-5-1.wav,"Starship engine, continuous and steady, heard from close by: colossal wedge-shaped warship engines, deep thrumming rumble with a low ion-drive roar, vast and menacing. Seamless steady loop, cinematic sci-fi sound design, high fidelity, no music, no speech"
2026-09-28T01:09:45Z,fal-ai/elevenlabs/sound-effects/v2,eng-c-5,2,8.0,0.0160,0.5788,ok,eng-c-5-2.wav,"Starship engine, continuous and steady, heard from close by: colossal wedge-shaped warship engines, deep thrumming rumble with a low ion-drive roar, vast and menacing. Seamless steady loop, cinematic sci-fi sound design, high fidelity, no music, no speech"
2026-09-28T01:09:45Z,fal-ai/elevenlabs/sound-effects/v2,eng-f-6,1,8.0,0.0160,0.5948,ok,eng-f-6-1.wav,"Starship engine, continuous and steady, heard from close by: scrappy starfighter engine, howling turbine roar with a rising whine. Seamless steady loop, cinematic sci-fi sound design, high fidelity, no music, no speech"
2026-09-28T01:09:46Z,fal-ai/elevenlabs/sound-effects/v2,eng-f-6,2,8.0,0.0160,0.6108,ok,eng-f-6-2.wav,"Starship engine, continuous and steady, heard from close by: scrappy starfighter engine, howling turbine roar with a rising whine. Seamless steady loop, cinematic sci-fi sound design, high fidelity, no music, no speech"
2026-09-28T01:09:49Z,fal-ai/elevenlabs/sound-effects/v2,eng-m-6,1,8.0,0.0160,0.6268,ok,eng-m-6-1.wav,"Starship engine, continuous and steady, heard from close by: corvette with a bank of roaring ion thrusters, throaty hum. Seamless steady loop, cinematic sci-fi sound design, high fidelity, no music, no speech"
2026-09-28T01:09:49Z,fal-ai/elevenlabs/sound-effects/v2,eng-m-6,2,8.0,0.0160,0.6428,ok,eng-m-6-2.wav,"Starship engine, continuous and steady, heard from close by: corvette with a bank of roaring ion thrusters, throaty hum. Seamless steady loop, cinematic sci-fi sound design, high fidelity, no music, no speech"
2026-09-28T01:09:50Z,fal-ai/elevenlabs/sound-effects/v2,eng-c-6,1,8.0,0.0160,0.6588,ok,eng-c-6-1.wav,"Starship engine, continuous and steady, heard from close by: large rounded star cruiser engines, deep smooth rumbling roar with a warm hum. Seamless steady loop, cinematic sci-fi sound design, high fidelity, no music, no speech"
2026-09-28T01:09:51Z,fal-ai/elevenlabs/sound-effects/v2,eng-c-6,2,8.0,0.0160,0.6748,ok,eng-c-6-2.wav,"Starship engine, continuous and steady, heard from close by: large rounded star cruiser engines, deep smooth rumbling roar with a warm hum. Seamless steady loop, cinematic sci-fi sound design, high fidelity, no music, no speech"
2026-09-28T01:09:52Z,fal-ai/elevenlabs/sound-effects/v2,eng-f-7,1,8.0,0.0160,0.6908,ok,eng-f-7-1.wav,"Starship engine, continuous and steady, heard from close by: sleek alien fighter, smooth high humming whine, elegant. Seamless steady loop, cinematic sci-fi sound design, high fidelity, no music, no speech"
2026-09-28T01:09:53Z,fal-ai/elevenlabs/sound-effects/v2,eng-f-7,2,8.0,0.0160,0.7068,ok,eng-f-7-2.wav,"Starship engine, continuous and steady, heard from close by: sleek alien fighter, smooth high humming whine, elegant. Seamless steady loop, cinematic sci-fi sound design, high fidelity, no music, no speech"
2026-09-28T01:09:55Z,fal-ai/elevenlabs/sound-effects/v2,eng-c-7,1,8.0,0.0160,0.7228,ok,eng-c-7-1.wav,"Starship engine, continuous and steady, heard from close by: sleek elegant alien war cruiser, near-silent smooth harmonic drone over a soft deep hum, graceful. Seamless steady loop, cinematic sci-fi sound design, high fidelity, no music, no speech"
2026-09-28T01:09:55Z,fal-ai/elevenlabs/sound-effects/v2,eng-c-7,2,8.0,0.0160,0.7388,ok,eng-c-7-2.wav,"Starship engine, continuous and steady, heard from close by: sleek elegant alien war cruiser, near-silent smooth harmonic drone over a soft deep hum, graceful. Seamless steady loop, cinematic sci-fi sound design, high fidelity, no music, no speech"
2026-09-28T01:09:56Z,fal-ai/elevenlabs/sound-effects/v2,eng-f-8,1,8.0,0.0160,0.7548,ok,eng-f-8-1.wav,"Starship engine, continuous and steady, heard from close by: dark living alien fighter, eerie breathy whisper with a thin high scream. Seamless steady loop, cinematic sci-fi sound design, high fidelity, no music, no speech"
2026-09-28T01:09:58Z,fal-ai/elevenlabs/sound-effects/v2,eng-f-8,2,8.0,0.0160,0.7708,ok,eng-f-8-2.wav,"Starship engine, continuous and steady, heard from close by: dark living alien fighter, eerie breathy whisper with a thin high scream. Seamless steady loop, cinematic sci-fi sound design, high fidelity, no music, no speech"
2026-09-28T01:09:58Z,fal-ai/elevenlabs/sound-effects/v2,eng-m-8,1,8.0,0.0160,0.7868,ok,eng-m-8-1.wav,"Starship engine, continuous and steady, heard from close by: dark living alien hunter ship, eerie organic breathing drone with an unearthly scream. Seamless steady loop, cinematic sci-fi sound design, high fidelity, no music, no speech"
2026-09-28T01:09:58Z,fal-ai/elevenlabs/sound-effects/v2,eng-m-8,2,8.0,0.0160,0.8028,ok,eng-m-8-2.wav,"Starship engine, continuous and steady, heard from close by: dark living alien hunter ship, eerie organic breathing drone with an unearthly scream. Seamless steady loop, cinematic sci-fi sound design, high fidelity, no music, no speech"
2026-09-28T01:10:03Z,fal-ai/elevenlabs/sound-effects/v2,eng-c-8,1,8.0,0.0160,0.8188,ok,eng-c-8-1.wav,"Starship engine, continuous and steady, heard from close by: enormous dark living alien vessel, deep unsettling organic drone with distant screaming and chittering. Seamless steady loop, cinematic sci-fi sound design, high fidelity, no music, no speech"
2026-09-28T01:10:03Z,fal-ai/elevenlabs/sound-effects/v2,eng-c-8,2,8.0,0.0160,0.8348,ok,eng-c-8-2.wav,"Starship engine, continuous and steady, heard from close by: enormous dark living alien vessel, deep unsettling organic drone with distant screaming and chittering. Seamless steady loop, cinematic sci-fi sound design, high fidelity, no music, no speech"
2026-09-28T01:10:03Z,fal-ai/elevenlabs/sound-effects/v2,eng-f-9,1,8.0,0.0160,0.8508,ok,eng-f-9-1.wav,"Starship engine, continuous and steady, heard from close by: military space fighter, rough rocket thruster roar with bursts of reaction jets. Seamless steady loop, cinematic sci-fi sound design, high fidelity, no music, no speech"
2026-09-28T01:10:03Z,fal-ai/elevenlabs/sound-effects/v2,eng-f-9,2,8.0,0.0160,0.8668,ok,eng-f-9-2.wav,"Starship engine, continuous and steady, heard from close by: military space fighter, rough rocket thruster roar with bursts of reaction jets. Seamless steady loop, cinematic sci-fi sound design, high fidelity, no music, no speech"
2026-09-28T01:10:04Z,fal-ai/elevenlabs/sound-effects/v2,eng-m-9,1,8.0,0.0160,0.8828,ok,eng-m-9-1.wav,"Starship engine, continuous and steady, heard from close by: military missile cruiser, rumbling reaction thrusters with a mechanical hum. Seamless steady loop, cinematic sci-fi sound design, high fidelity, no music, no speech"
2026-09-28T01:10:05Z,fal-ai/elevenlabs/sound-effects/v2,eng-m-9,2,8.0,0.0160,0.8988,ok,eng-m-9-2.wav,"Starship engine, continuous and steady, heard from close by: military missile cruiser, rumbling reaction thrusters with a mechanical hum. Seamless steady loop, cinematic sci-fi sound design, high fidelity, no music, no speech"
2026-09-28T01:10:08Z,fal-ai/elevenlabs/sound-effects/v2,eng-c-9,1,8.0,0.0160,0.9148,ok,eng-c-9-1.wav,"Starship engine, continuous and steady, heard from close by: heavy military destroyer, deep rumbling fusion thrusters with a slow rotating-section groan. Seamless steady loop, cinematic sci-fi sound design, high fidelity, no music, no speech"
2026-09-28T01:10:08Z,fal-ai/elevenlabs/sound-effects/v2,eng-c-9,2,8.0,0.0160,0.9308,ok,eng-c-9-2.wav,"Starship engine, continuous and steady, heard from close by: heavy military destroyer, deep rumbling fusion thrusters with a slow rotating-section groan. Seamless steady loop, cinematic sci-fi sound design, high fidelity, no music, no speech"
2026-09-28T01:10:09Z,fal-ai/elevenlabs/sound-effects/v2,eng-f-10,1,8.0,0.0160,0.9468,ok,eng-f-10-1.wav,"Starship engine, continuous and steady, heard from close by: small fast escort starship, clean humming whine with a warm pulse. Seamless steady loop, cinematic sci-fi sound design, high fidelity, no music, no speech"
2026-09-28T01:10:10Z,fal-ai/elevenlabs/sound-effects/v2,eng-f-10,2,8.0,0.0160,0.9628,ok,eng-f-10-2.wav,"Starship engine, continuous and steady, heard from close by: small fast escort starship, clean humming whine with a warm pulse. Seamless steady loop, cinematic sci-fi sound design, high fidelity, no music, no speech"
2026-09-28T01:10:10Z,fal-ai/elevenlabs/sound-effects/v2,eng-m-10,1,8.0,0.0160,0.9788,ok,eng-m-10-1.wav,"Starship engine, continuous and steady, heard from close by: starship at cruising speed, smooth warm engine hum with a gentle pulse. Seamless steady loop, cinematic sci-fi sound design, high fidelity, no music, no speech"
2026-09-28T01:10:12Z,fal-ai/elevenlabs/sound-effects/v2,eng-m-10,2,8.0,0.0160,0.9948,ok,eng-m-10-2.wav,"Starship engine, continuous and steady, heard from close by: starship at cruising speed, smooth warm engine hum with a gentle pulse. Seamless steady loop, cinematic sci-fi sound design, high fidelity, no music, no speech"
2026-09-28T01:10:14Z,fal-ai/elevenlabs/sound-effects/v2,eng-c-10,1,8.0,0.0160,1.0108,ok,eng-c-10-1.wav,"Starship engine, continuous and steady, heard from close by: large starship, deep smooth warm engine drone with a slow soft pulse. Seamless steady loop, cinematic sci-fi sound design, high fidelity, no music, no speech"
2026-09-28T01:10:14Z,fal-ai/elevenlabs/sound-effects/v2,eng-c-10,2,8.0,0.0160,1.0268,ok,eng-c-10-2.wav,"Starship engine, continuous and steady, heard from close by: large starship, deep smooth warm engine drone with a slow soft pulse. Seamless steady loop, cinematic sci-fi sound design, high fidelity, no music, no speech"
2026-09-28T01:10:15Z,fal-ai/elevenlabs/sound-effects/v2,eng-f-11,1,8.0,0.0160,1.0428,ok,eng-f-11-1.wav,"Starship engine, continuous and steady, heard from close by: aggressive small warship, snarling gritty engine growl. Seamless steady loop, cinematic sci-fi sound design, high fidelity, no music, no speech"
2026-09-28T01:10:16Z,fal-ai/elevenlabs/sound-effects/v2,eng-f-11,2,8.0,0.0160,1.0588,ok,eng-f-11-2.wav,"Starship engine, continuous and steady, heard from close by: aggressive small warship, snarling gritty engine growl. Seamless steady loop, cinematic sci-fi sound design, high fidelity, no music, no speech"
2026-09-28T01:10:18Z,fal-ai/elevenlabs/sound-effects/v2,eng-m-11,1,8.0,0.0160,1.0748,ok,eng-m-11-1.wav,"Starship engine, continuous and steady, heard from close by: bird-shaped warship, gritty growling engine with an aggressive throb. Seamless steady loop, cinematic sci-fi sound design, high fidelity, no music, no speech"
2026-09-28T01:10:19Z,fal-ai/elevenlabs/sound-effects/v2,eng-m-11,2,8.0,0.0160,1.0908,ok,eng-m-11-2.wav,"Starship engine, continuous and steady, heard from close by: bird-shaped warship, gritty growling engine with an aggressive throb. Seamless steady loop, cinematic sci-fi sound design, high fidelity, no music, no speech"
2026-09-28T01:10:20Z,fal-ai/elevenlabs/sound-effects/v2,eng-c-11,1,8.0,0.0160,1.1068,ok,eng-c-11-1.wav,"Starship engine, continuous and steady, heard from close by: large brutal battlecruiser, deep gritty growling rumble with a heavy throb. Seamless steady loop, cinematic sci-fi sound design, high fidelity, no music, no speech"
2026-09-28T01:10:20Z,fal-ai/elevenlabs/sound-effects/v2,eng-c-11,2,8.0,0.0160,1.1228,ok,eng-c-11-2.wav,"Starship engine, continuous and steady, heard from close by: large brutal battlecruiser, deep gritty growling rumble with a heavy throb. Seamless steady loop, cinematic sci-fi sound design, high fidelity, no music, no speech"
2026-09-28T01:10:22Z,fal-ai/elevenlabs/sound-effects/v2,eng-f-12,1,8.0,0.0160,1.1388,ok,eng-f-12-1.wav,"Starship engine, continuous and steady, heard from close by: small machine drone ship, cold digital servo whine with ticking. Seamless steady loop, cinematic sci-fi sound design, high fidelity, no music, no speech"
2026-09-28T01:10:23Z,fal-ai/elevenlabs/sound-effects/v2,eng-f-12,2,8.0,0.0160,1.1548,ok,eng-f-12-2.wav,"Starship engine, continuous and steady, heard from close by: small machine drone ship, cold digital servo whine with ticking. Seamless steady loop, cinematic sci-fi sound design, high fidelity, no music, no speech"
2026-09-28T01:10:25Z,fal-ai/elevenlabs/sound-effects/v2,eng-m-12,1,8.0,0.0160,1.1708,ok,eng-m-12-1.wav,"Starship engine, continuous and steady, heard from close by: machine warship, cold mechanical hum with rhythmic industrial pulses. Seamless steady loop, cinematic sci-fi sound design, high fidelity, no music, no speech"
2026-09-28T01:10:25Z,fal-ai/elevenlabs/sound-effects/v2,eng-m-12,2,8.0,0.0160,1.1868,ok,eng-m-12-2.wav,"Starship engine, continuous and steady, heard from close by: machine warship, cold mechanical hum with rhythmic industrial pulses. Seamless steady loop, cinematic sci-fi sound design, high fidelity, no music, no speech"
2026-09-28T01:10:26Z,fal-ai/elevenlabs/sound-effects/v2,eng-c-12,1,8.0,0.0160,1.2028,ok,eng-c-12-1.wav,"Starship engine, continuous and steady, heard from close by: vast cube-shaped machine ship, colossal cold mechanical drone with rhythmic industrial pounding and hissing vents. Seamless steady loop, cinematic sci-fi sound design, high fidelity, no music, no speech"
2026-09-28T01:10:27Z,fal-ai/elevenlabs/sound-effects/v2,eng-c-12,2,8.0,0.0160,1.2188,ok,eng-c-12-2.wav,"Starship engine, continuous and steady, heard from close by: vast cube-shaped machine ship, colossal cold mechanical drone with rhythmic industrial pounding and hissing vents. Seamless steady loop, cinematic sci-fi sound design, high fidelity, no music, no speech"
2026-09-28T01:10:27Z,fal-ai/elevenlabs/sound-effects/v2,eng-f-13,1,8.0,0.0160,1.2348,ok,eng-f-13-1.wav,"Starship engine, continuous and steady, heard from close by: small retro-futuristic flying yacht, warm hovering turbine hum. Seamless steady loop, cinematic sci-fi sound design, high fidelity, no music, no speech"
2026-09-28T01:10:28Z,fal-ai/elevenlabs/sound-effects/v2,eng-f-13,2,8.0,0.0160,1.2508,ok,eng-f-13-2.wav,"Starship engine, continuous and steady, heard from close by: small retro-futuristic flying yacht, warm hovering turbine hum. Seamless steady loop, cinematic sci-fi sound design, high fidelity, no music, no speech"
2026-09-28T01:10:32Z,fal-ai/elevenlabs/sound-effects/v2,eng-m-13,1,8.0,0.0160,1.2668,ok,eng-m-13-1.wav,"Starship engine, continuous and steady, heard from close by: slow alien transport, warm resonant hum. Seamless steady loop, cinematic sci-fi sound design, high fidelity, no music, no speech"
2026-09-28T01:10:32Z,fal-ai/elevenlabs/sound-effects/v2,eng-m-13,2,8.0,0.0160,1.2828,ok,eng-m-13-2.wav,"Starship engine, continuous and steady, heard from close by: slow alien transport, warm resonant hum. Seamless steady loop, cinematic sci-fi sound design, high fidelity, no music, no speech"
2026-09-28T01:10:32Z,fal-ai/elevenlabs/sound-effects/v2,eng-c-13,1,8.0,0.0160,1.2988,ok,eng-c-13-1.wav,"Starship engine, continuous and steady, heard from close by: slow ancient alien vessel, deep warm resonant hum like a vast bell. Seamless steady loop, cinematic sci-fi sound design, high fidelity, no music, no speech"
2026-09-28T01:10:33Z,fal-ai/elevenlabs/sound-effects/v2,eng-c-13,2,8.0,0.0160,1.3148,ok,eng-c-13-2.wav,"Starship engine, continuous and steady, heard from close by: slow ancient alien vessel, deep warm resonant hum like a vast bell. Seamless steady loop, cinematic sci-fi sound design, high fidelity, no music, no speech"
2026-09-28T01:10:34Z,fal-ai/elevenlabs/sound-effects/v2,eng-f-14,1,8.0,0.0160,1.3308,ok,eng-f-14-1.wav,"Starship engine, continuous and steady, heard from close by: heavy military dropship, loud roaring jet thrusters with a turbine whine. Seamless steady loop, cinematic sci-fi sound design, high fidelity, no music, no speech"
2026-09-28T01:10:35Z,fal-ai/elevenlabs/sound-effects/v2,eng-f-14,2,8.0,0.0160,1.3468,ok,eng-f-14-2.wav,"Starship engine, continuous and steady, heard from close by: heavy military dropship, loud roaring jet thrusters with a turbine whine. Seamless steady loop, cinematic sci-fi sound design, high fidelity, no music, no speech"
2026-09-28T01:10:38Z,fal-ai/elevenlabs/sound-effects/v2,eng-m-14,1,8.0,0.0160,1.3628,ok,eng-m-14-1.wav,"Starship engine, continuous and steady, heard from close by: military troop transport, heavy rumbling thrusters with a ventilation hum. Seamless steady loop, cinematic sci-fi sound design, high fidelity, no music, no speech"
2026-09-28T01:10:39Z,fal-ai/elevenlabs/sound-effects/v2,eng-m-14,2,8.0,0.0160,1.3788,ok,eng-m-14-2.wav,"Starship engine, continuous and steady, heard from close by: military troop transport, heavy rumbling thrusters with a ventilation hum. Seamless steady loop, cinematic sci-fi sound design, high fidelity, no music, no speech"
2026-09-28T01:10:39Z,fal-ai/elevenlabs/sound-effects/v2,eng-c-14,1,8.0,0.0160,1.3948,ok,eng-c-14-1.wav,"Starship engine, continuous and steady, heard from close by: huge military freighter, deep heavy rumbling thrusters with metal hull creaks. Seamless steady loop, cinematic sci-fi sound design, high fidelity, no music, no speech"
2026-09-28T01:10:39Z,fal-ai/elevenlabs/sound-effects/v2,eng-c-14,2,8.0,0.0160,1.4108,ok,eng-c-14-2.wav,"Starship engine, continuous and steady, heard from close by: huge military freighter, deep heavy rumbling thrusters with metal hull creaks. Seamless steady loop, cinematic sci-fi sound design, high fidelity, no music, no speech"
2026-09-28T01:10:40Z,fal-ai/elevenlabs/sound-effects/v2,eng-f-15,1,8.0,0.0160,1.4268,ok,eng-f-15-1.wav,"Starship engine, continuous and steady, heard from close by: small ancient alien craft, low organic hum with a hollow whistle. Seamless steady loop, cinematic sci-fi sound design, high fidelity, no music, no speech"
2026-09-28T01:10:41Z,fal-ai/elevenlabs/sound-effects/v2,eng-f-15,2,8.0,0.0160,1.4428,ok,eng-f-15-2.wav,"Starship engine, continuous and steady, heard from close by: small ancient alien craft, low organic hum with a hollow whistle. Seamless steady loop, cinematic sci-fi sound design, high fidelity, no music, no speech"
2026-09-28T01:10:43Z,fal-ai/elevenlabs/sound-effects/v2,eng-m-15,1,8.0,0.0160,1.4588,ok,eng-m-15-1.wav,"Starship engine, continuous and steady, heard from close by: ancient alien biomechanical ship, deep hollow organic hum with slow groaning. Seamless steady loop, cinematic sci-fi sound design, high fidelity, no music, no speech"
2026-09-28T01:10:45Z,fal-ai/elevenlabs/sound-effects/v2,eng-m-15,2,8.0,0.0160,1.4748,ok,eng-m-15-2.wav,"Starship engine, continuous and steady, heard from close by: ancient alien biomechanical ship, deep hollow organic hum with slow groaning. Seamless steady loop, cinematic sci-fi sound design, high fidelity, no music, no speech"
2026-09-28T01:10:45Z,fal-ai/elevenlabs/sound-effects/v2,eng-c-15,1,8.0,0.0160,1.4908,ok,eng-c-15-1.wav,"Starship engine, continuous and steady, heard from close by: colossal ancient alien derelict, deep cavernous organic drone with slow groaning. Seamless steady loop, cinematic sci-fi sound design, high fidelity, no music, no speech"
2026-09-28T01:10:46Z,fal-ai/elevenlabs/sound-effects/v2,eng-c-15,2,8.0,0.0160,1.5068,ok,eng-c-15-2.wav,"Starship engine, continuous and steady, heard from close by: colossal ancient alien derelict, deep cavernous organic drone with slow groaning. Seamless steady loop, cinematic sci-fi sound design, high fidelity, no music, no speech"
2026-09-28T01:10:47Z,fal-ai/elevenlabs/sound-effects/v2,eng-f-16,1,8.0,0.0160,1.5228,ok,eng-f-16-1.wav,"Starship engine, continuous and steady, heard from close by: stealthy hunter drop craft, low menacing growl with electronic clicking. Seamless steady loop, cinematic sci-fi sound design, high fidelity, no music, no speech"
2026-09-28T01:10:47Z,fal-ai/elevenlabs/sound-effects/v2,eng-f-16,2,8.0,0.0160,1.5388,ok,eng-f-16-2.wav,"Starship engine, continuous and steady, heard from close by: stealthy hunter drop craft, low menacing growl with electronic clicking. Seamless steady loop, cinematic sci-fi sound design, high fidelity, no music, no speech"
2026-09-28T01:10:50Z,fal-ai/elevenlabs/sound-effects/v2,eng-m-16,1,8.0,0.0160,1.5548,ok,eng-m-16-1.wav,"Starship engine, continuous and steady, heard from close by: hunter scout ship, menacing growling hum with rhythmic clicking. Seamless steady loop, cinematic sci-fi sound design, high fidelity, no music, no speech"
2026-09-28T01:10:50Z,fal-ai/elevenlabs/sound-effects/v2,eng-m-16,2,8.0,0.0160,1.5708,ok,eng-m-16-2.wav,"Starship engine, continuous and steady, heard from close by: hunter scout ship, menacing growling hum with rhythmic clicking. Seamless steady loop, cinematic sci-fi sound design, high fidelity, no music, no speech"
2026-09-28T01:10:51Z,fal-ai/elevenlabs/sound-effects/v2,eng-c-16,1,8.0,0.0160,1.5868,ok,eng-c-16-1.wav,"Starship engine, continuous and steady, heard from close by: hunter mothership, deep menacing growl with rhythmic clicking and hissing. Seamless steady loop, cinematic sci-fi sound design, high fidelity, no music, no speech"
2026-09-28T01:10:53Z,fal-ai/elevenlabs/sound-effects/v2,eng-c-16,2,8.0,0.0160,1.6028,ok,eng-c-16-2.wav,"Starship engine, continuous and steady, heard from close by: hunter mothership, deep menacing growl with rhythmic clicking and hissing. Seamless steady loop, cinematic sci-fi sound design, high fidelity, no music, no speech"
2026-09-28T01:10:54Z,fal-ai/elevenlabs/sound-effects/v2,eng-c-17,1,8.0,0.0160,1.6188,ok,eng-c-17-1.wav,"Starship engine, continuous and steady, heard from close by: vast ancient god-like vessel, profound deep resonant drone with ethereal overtones and slow shimmering. Seamless steady loop, cinematic sci-fi sound design, high fidelity, no music, no speech"
2026-09-28T01:10:54Z,fal-ai/elevenlabs/sound-effects/v2,eng-c-17,2,8.0,0.0160,1.6348,ok,eng-c-17-2.wav,"Starship engine, continuous and steady, heard from close by: vast ancient god-like vessel, profound deep resonant drone with ethereal overtones and slow shimmering. Seamless steady loop, cinematic sci-fi sound design, high fidelity, no music, no speech"
2026-09-28T01:10:55Z,fal-ai/elevenlabs/sound-effects/v2,eng-f-18,1,8.0,0.0160,1.6508,ok,eng-f-18-1.wav,"Starship engine, continuous and steady, heard from close by: small shuttle, smooth hissing whine. Seamless steady loop, cinematic sci-fi sound design, high fidelity, no music, no speech"
2026-09-28T01:10:56Z,fal-ai/elevenlabs/sound-effects/v2,eng-f-18,2,8.0,0.0160,1.6668,ok,eng-f-18-2.wav,"Starship engine, continuous and steady, heard from close by: small shuttle, smooth hissing whine. Seamless steady loop, cinematic sci-fi sound design, high fidelity, no music, no speech"
2026-09-28T01:10:57Z,fal-ai/elevenlabs/sound-effects/v2,eng-m-18,1,8.0,0.0160,1.6828,ok,eng-m-18-1.wav,"Starship engine, continuous and steady, heard from close by: predatory scout ship, smooth hissing drone with a low hum. Seamless steady loop, cinematic sci-fi sound design, high fidelity, no music, no speech"
2026-09-28T01:11:00Z,fal-ai/elevenlabs/sound-effects/v2,eng-m-18,2,8.0,0.0160,1.6988,ok,eng-m-18-2.wav,"Starship engine, continuous and steady, heard from close by: predatory scout ship, smooth hissing drone with a low hum. Seamless steady loop, cinematic sci-fi sound design, high fidelity, no music, no speech"
2026-09-28T01:11:01Z,fal-ai/elevenlabs/sound-effects/v2,eng-c-18,1,8.0,0.0160,1.7148,ok,eng-c-18-1.wav,"Starship engine, continuous and steady, heard from close by: huge predatory warbird, smooth hissing drone over a deep menacing hum. Seamless steady loop, cinematic sci-fi sound design, high fidelity, no music, no speech"
2026-09-28T01:11:01Z,fal-ai/elevenlabs/sound-effects/v2,eng-c-18,2,8.0,0.0160,1.7308,ok,eng-c-18-2.wav,"Starship engine, continuous and steady, heard from close by: huge predatory warbird, smooth hissing drone over a deep menacing hum. Seamless steady loop, cinematic sci-fi sound design, high fidelity, no music, no speech"
2026-09-28T01:11:01Z,fal-ai/elevenlabs/sound-effects/v2,eng-m-19,1,8.0,0.0160,1.7468,ok,eng-m-19-1.wav,"Starship engine, continuous and steady, heard from close by: fast alien attack ship, aggressive pulsing whine over a humming drone. Seamless steady loop, cinematic sci-fi sound design, high fidelity, no music, no speech"
2026-09-28T01:11:01Z,fal-ai/elevenlabs/sound-effects/v2,eng-m-19,2,8.0,0.0160,1.7628,ok,eng-m-19-2.wav,"Starship engine, continuous and steady, heard from close by: fast alien attack ship, aggressive pulsing whine over a humming drone. Seamless steady loop, cinematic sci-fi sound design, high fidelity, no music, no speech"
2026-09-28T01:11:04Z,fal-ai/elevenlabs/sound-effects/v2,eng-c-19,1,8.0,0.0160,1.7788,ok,eng-c-19-1.wav,"Starship engine, continuous and steady, heard from close by: alien battleship, aggressive deep humming drone with a rhythmic pulse. Seamless steady loop, cinematic sci-fi sound design, high fidelity, no music, no speech"
2026-09-28T01:11:06Z,fal-ai/elevenlabs/sound-effects/v2,eng-c-19,2,8.0,0.0160,1.7948,ok,eng-c-19-2.wav,"Starship engine, continuous and steady, heard from close by: alien battleship, aggressive deep humming drone with a rhythmic pulse. Seamless steady loop, cinematic sci-fi sound design, high fidelity, no music, no speech"
2026-09-28T01:11:07Z,fal-ai/elevenlabs/sound-effects/v2,eng-f-20,1,8.0,0.0160,1.8108,ok,eng-f-20-1.wav,"Starship engine, continuous and steady, heard from close by: heavy armoured gunship, roaring jet engines with a heavy mechanical whine. Seamless steady loop, cinematic sci-fi sound design, high fidelity, no music, no speech"
2026-09-28T01:11:08Z,fal-ai/elevenlabs/sound-effects/v2,eng-f-20,2,8.0,0.0160,1.8268,ok,eng-f-20-2.wav,"Starship engine, continuous and steady, heard from close by: heavy armoured gunship, roaring jet engines with a heavy mechanical whine. Seamless steady loop, cinematic sci-fi sound design, high fidelity, no music, no speech"
2026-09-28T01:11:08Z,fal-ai/elevenlabs/sound-effects/v2,eng-m-20,1,8.0,0.0160,1.8428,ok,eng-m-20-1.wav,"Starship engine, continuous and steady, heard from close by: gothic warship, roaring plasma drive with rumbling machinery. Seamless steady loop, cinematic sci-fi sound design, high fidelity, no music, no speech"
2026-09-28T01:11:09Z,fal-ai/elevenlabs/sound-effects/v2,eng-m-20,2,8.0,0.0160,1.8588,ok,eng-m-20-2.wav,"Starship engine, continuous and steady, heard from close by: gothic warship, roaring plasma drive with rumbling machinery. Seamless steady loop, cinematic sci-fi sound design, high fidelity, no music, no speech"
2026-09-28T01:11:11Z,fal-ai/elevenlabs/sound-effects/v2,eng-c-20,1,8.0,0.0160,1.8748,ok,eng-c-20-1.wav,"Starship engine, continuous and steady, heard from close by: enormous gothic cathedral battleship, deep roaring plasma drive with rumbling heavy machinery and clanking. Seamless steady loop, cinematic sci-fi sound design, high fidelity, no music, no speech"
2026-09-28T01:11:11Z,fal-ai/elevenlabs/sound-effects/v2,eng-c-20,2,8.0,0.0160,1.8908,ok,eng-c-20-2.wav,"Starship engine, continuous and steady, heard from close by: enormous gothic cathedral battleship, deep roaring plasma drive with rumbling heavy machinery and clanking. Seamless steady loop, cinematic sci-fi sound design, high fidelity, no music, no speech"
2026-09-28T01:11:14Z,fal-ai/elevenlabs/sound-effects/v2,eng-f-21,1,8.0,0.0160,1.9068,ok,eng-f-21-1.wav,"Starship engine, continuous and steady, heard from close by: swarming alien bio-organism flying, wet buzzing wings and screeching. Seamless steady loop, cinematic sci-fi sound design, high fidelity, no music, no speech"
2026-09-28T01:11:14Z,fal-ai/elevenlabs/sound-effects/v2,eng-f-21,2,8.0,0.0160,1.9228,ok,eng-f-21-2.wav,"Starship engine, continuous and steady, heard from close by: swarming alien bio-organism flying, wet buzzing wings and screeching. Seamless steady loop, cinematic sci-fi sound design, high fidelity, no music, no speech"
2026-09-28T01:11:15Z,fal-ai/elevenlabs/sound-effects/v2,eng-m-21,1,8.0,0.0160,1.9388,ok,eng-m-21-1.wav,"Starship engine, continuous and steady, heard from close by: living bio-ship, wet organic throb with chittering. Seamless steady loop, cinematic sci-fi sound design, high fidelity, no music, no speech"
2026-09-28T01:11:18Z,fal-ai/elevenlabs/sound-effects/v2,eng-m-21,2,8.0,0.0160,1.9548,ok,eng-m-21-2.wav,"Starship engine, continuous and steady, heard from close by: living bio-ship, wet organic throb with chittering. Seamless steady loop, cinematic sci-fi sound design, high fidelity, no music, no speech"
2026-09-28T01:11:19Z,fal-ai/elevenlabs/sound-effects/v2,eng-c-21,1,8.0,0.0160,1.9708,ok,eng-c-21-1.wav,"Starship engine, continuous and steady, heard from close by: enormous living hive-ship, deep organic heartbeat throb with wet chittering. Seamless steady loop, cinematic sci-fi sound design, high fidelity, no music, no speech"
2026-09-28T01:11:20Z,fal-ai/elevenlabs/sound-effects/v2,eng-c-21,2,8.0,0.0160,1.9868,ok,eng-c-21-2.wav,"Starship engine, continuous and steady, heard from close by: enormous living hive-ship, deep organic heartbeat throb with wet chittering. Seamless steady loop, cinematic sci-fi sound design, high fidelity, no music, no speech"
2026-09-28T01:11:20Z,fal-ai/elevenlabs/sound-effects/v2,eng-f-22,1,8.0,0.0160,2.0028,ok,eng-f-22-1.wav,"Starship engine, continuous and steady, heard from close by: futuristic electric fighter drone, clean high electric motor whine. Seamless steady loop, cinematic sci-fi sound design, high fidelity, no music, no speech"
2026-09-28T01:11:21Z,fal-ai/elevenlabs/sound-effects/v2,eng-f-22,2,8.0,0.0160,2.0188,ok,eng-f-22-2.wav,"Starship engine, continuous and steady, heard from close by: futuristic electric fighter drone, clean high electric motor whine. Seamless steady loop, cinematic sci-fi sound design, high fidelity, no music, no speech"
2026-09-28T01:11:23Z,fal-ai/elevenlabs/sound-effects/v2,eng-m-22,1,8.0,0.0160,2.0348,ok,eng-m-22-1.wav,"Starship engine, continuous and steady, heard from close by: large rocket in flight, roaring rocket engine thunder. Seamless steady loop, cinematic sci-fi sound design, high fidelity, no music, no speech"
2026-09-28T01:11:23Z,fal-ai/elevenlabs/sound-effects/v2,eng-m-22,2,8.0,0.0160,2.0508,ok,eng-m-22-2.wav,"Starship engine, continuous and steady, heard from close by: large rocket in flight, roaring rocket engine thunder. Seamless steady loop, cinematic sci-fi sound design, high fidelity, no music, no speech"
2026-09-28T01:11:26Z,fal-ai/elevenlabs/sound-effects/v2,eng-c-22,1,8.0,0.0160,2.0668,ok,eng-c-22-1.wav,"Starship engine, continuous and steady, heard from close by: gigantic rocket booster in flight, massive roaring rocket engine thunder with crackle. Seamless steady loop, cinematic sci-fi sound design, high fidelity, no music, no speech"
2026-09-28T01:11:27Z,fal-ai/elevenlabs/sound-effects/v2,eng-c-22,2,8.0,0.0160,2.0828,ok,eng-c-22-2.wav,"Starship engine, continuous and steady, heard from close by: gigantic rocket booster in flight, massive roaring rocket engine thunder with crackle. Seamless steady loop, cinematic sci-fi sound design, high fidelity, no music, no speech"
2026-09-28T01:11:34Z,fal-ai/elevenlabs/sound-effects/v2,beamloop-0,1,3.0,0.0060,2.0888,ok,beamloop-0-1.wav,"Continuous sustained energy beam, held steady: steady industrial energy beam, clean electric hum with a soft crackle and a bright edge. Seamless steady loop, cinematic sci-fi sound design, high fidelity, no music, no speech"
2026-09-28T01:11:34Z,fal-ai/elevenlabs/sound-effects/v2,beamloop-0,2,3.0,0.0060,2.0948,ok,beamloop-0-2.wav,"Continuous sustained energy beam, held steady: steady industrial energy beam, clean electric hum with a soft crackle and a bright edge. Seamless steady loop, cinematic sci-fi sound design, high fidelity, no music, no speech"
2026-09-28T01:11:34Z,fal-ai/elevenlabs/sound-effects/v2,beamloop-1,1,3.0,0.0060,2.1008,ok,beamloop-1-1.wav,"Continuous sustained energy beam, held steady: gurgling bioluminescent acid stream, wet sizzle and bubbling hiss. Seamless steady loop, cinematic sci-fi sound design, high fidelity, no music, no speech"
2026-09-28T01:11:34Z,fal-ai/elevenlabs/sound-effects/v2,beamloop-1,2,3.0,0.0060,2.1068,ok,beamloop-1-2.wav,"Continuous sustained energy beam, held steady: gurgling bioluminescent acid stream, wet sizzle and bubbling hiss. Seamless steady loop, cinematic sci-fi sound design, high fidelity, no music, no speech"
2026-09-28T01:11:34Z,fal-ai/elevenlabs/sound-effects/v2,beamloop-2,1,3.0,0.0060,2.1128,ok,beamloop-2-1.wav,"Continuous sustained energy beam, held steady: resonant crystal energy beam, singing glass harmonic with shimmering overtones. Seamless steady loop, cinematic sci-fi sound design, high fidelity, no music, no speech"
2026-09-28T01:11:34Z,fal-ai/elevenlabs/sound-effects/v2,beamloop-2,2,3.0,0.0060,2.1188,ok,beamloop-2-2.wav,"Continuous sustained energy beam, held steady: resonant crystal energy beam, singing glass harmonic with shimmering overtones. Seamless steady loop, cinematic sci-fi sound design, high fidelity, no music, no speech"
2026-09-28T01:11:39Z,fal-ai/elevenlabs/sound-effects/v2,beamloop-3,1,3.0,0.0060,2.1248,ok,beamloop-3-1.wav,"Continuous sustained energy beam, held steady: sputtering improvised cutting torch beam, unstable crackling arc and hiss. Seamless steady loop, cinematic sci-fi sound design, high fidelity, no music, no speech"
2026-09-28T01:11:39Z,fal-ai/elevenlabs/sound-effects/v2,beamloop-3,2,3.0,0.0060,2.1308,ok,beamloop-3-2.wav,"Continuous sustained energy beam, held steady: sputtering improvised cutting torch beam, unstable crackling arc and hiss. Seamless steady loop, cinematic sci-fi sound design, high fidelity, no music, no speech"
2026-09-28T01:11:39Z,fal-ai/elevenlabs/sound-effects/v2,beamloop-4,1,3.0,0.0060,2.1368,ok,beamloop-4-1.wav,"Continuous sustained energy beam, held steady: sustained ethereal harmonic beam, wordless angelic chord with glistening shimmer. Seamless steady loop, cinematic sci-fi sound design, high fidelity, no music, no speech"
2026-09-28T01:11:39Z,fal-ai/elevenlabs/sound-effects/v2,beamloop-4,2,3.0,0.0060,2.1428,ok,beamloop-4-2.wav,"Continuous sustained energy beam, held steady: sustained ethereal harmonic beam, wordless angelic chord with glistening shimmer. Seamless steady loop, cinematic sci-fi sound design, high fidelity, no music, no speech"
2026-09-28T01:11:40Z,fal-ai/elevenlabs/sound-effects/v2,beamloop-5,1,3.0,0.0060,2.1488,ok,beamloop-5-1.wav,"Continuous sustained energy beam, held steady: colossal red capital-ship energy beam, deep sustained thunderous roar. Seamless steady loop, cinematic sci-fi sound design, high fidelity, no music, no speech"
2026-09-28T01:11:41Z,fal-ai/elevenlabs/sound-effects/v2,beamloop-5,2,3.0,0.0060,2.1548,ok,beamloop-5-2.wav,"Continuous sustained energy beam, held steady: colossal red capital-ship energy beam, deep sustained thunderous roar. Seamless steady loop, cinematic sci-fi sound design, high fidelity, no music, no speech"
2026-09-28T01:11:43Z,fal-ai/elevenlabs/sound-effects/v2,beamloop-6,1,3.0,0.0060,2.1608,ok,beamloop-6-1.wav,"Continuous sustained energy beam, held steady: bright green energy beam, fierce buzzing sizzle. Seamless steady loop, cinematic sci-fi sound design, high fidelity, no music, no speech"
2026-09-28T01:11:44Z,fal-ai/elevenlabs/sound-effects/v2,beamloop-6,2,3.0,0.0060,2.1668,ok,beamloop-6-2.wav,"Continuous sustained energy beam, held steady: bright green energy beam, fierce buzzing sizzle. Seamless steady loop, cinematic sci-fi sound design, high fidelity, no music, no speech"
2026-09-28T01:11:45Z,fal-ai/elevenlabs/sound-effects/v2,beamloop-7,1,3.0,0.0060,2.1728,ok,beamloop-7-1.wav,"Continuous sustained energy beam, held steady: brilliant neutron beam, piercing pure high-tech tone with a crystalline shimmer and a searing edge, clean and elegant. Seamless steady loop, cinematic sci-fi sound design, high fidelity, no music, no speech"
2026-09-28T01:11:45Z,fal-ai/elevenlabs/sound-effects/v2,beamloop-7,2,3.0,0.0060,2.1788,ok,beamloop-7-2.wav,"Continuous sustained energy beam, held steady: brilliant neutron beam, piercing pure high-tech tone with a crystalline shimmer and a searing edge, clean and elegant. Seamless steady loop, cinematic sci-fi sound design, high fidelity, no music, no speech"
2026-09-28T01:11:46Z,fal-ai/elevenlabs/sound-effects/v2,beamloop-8,1,3.0,0.0060,2.1848,ok,beamloop-8-1.wav,"Continuous sustained energy beam, held steady: ominous alien cutting beam, dissonant screaming shriek with a tearing, ripping texture. Seamless steady loop, cinematic sci-fi sound design, high fidelity, no music, no speech"
2026-09-28T01:11:46Z,fal-ai/elevenlabs/sound-effects/v2,beamloop-8,2,3.0,0.0060,2.1908,ok,beamloop-8-2.wav,"Continuous sustained energy beam, held steady: ominous alien cutting beam, dissonant screaming shriek with a tearing, ripping texture. Seamless steady loop, cinematic sci-fi sound design, high fidelity, no music, no speech"
2026-09-28T01:11:49Z,fal-ai/elevenlabs/sound-effects/v2,beamloop-9,1,3.0,0.0060,2.1968,ok,beamloop-9-1.wav,"Continuous sustained energy beam, held steady: heavy particle beam cannon, crackling sustained blast over a low hum. Seamless steady loop, cinematic sci-fi sound design, high fidelity, no music, no speech"
2026-09-28T01:11:50Z,fal-ai/elevenlabs/sound-effects/v2,beamloop-9,2,3.0,0.0060,2.2028,ok,beamloop-9-2.wav,"Continuous sustained energy beam, held steady: heavy particle beam cannon, crackling sustained blast over a low hum. Seamless steady loop, cinematic sci-fi sound design, high fidelity, no music, no speech"
2026-09-28T01:11:50Z,fal-ai/elevenlabs/sound-effects/v2,beamloop-10,1,3.0,0.0060,2.2088,ok,beamloop-10-1.wav,"Continuous sustained energy beam, held steady: smooth sustained high electronic phaser whine, clean and iconic. Seamless steady loop, cinematic sci-fi sound design, high fidelity, no music, no speech"
2026-09-28T01:11:51Z,fal-ai/elevenlabs/sound-effects/v2,beamloop-10,2,3.0,0.0060,2.2148,ok,beamloop-10-2.wav,"Continuous sustained energy beam, held steady: smooth sustained high electronic phaser whine, clean and iconic. Seamless steady loop, cinematic sci-fi sound design, high fidelity, no music, no speech"
2026-09-28T01:11:52Z,fal-ai/elevenlabs/sound-effects/v2,beamloop-11,1,3.0,0.0060,2.2208,ok,beamloop-11-1.wav,"Continuous sustained energy beam, held steady: harsh disruptor beam, gritty distorted buzzing roar. Seamless steady loop, cinematic sci-fi sound design, high fidelity, no music, no speech"
2026-09-28T01:11:52Z,fal-ai/elevenlabs/sound-effects/v2,beamloop-11,2,3.0,0.0060,2.2268,ok,beamloop-11-2.wav,"Continuous sustained energy beam, held steady: harsh disruptor beam, gritty distorted buzzing roar. Seamless steady loop, cinematic sci-fi sound design, high fidelity, no music, no speech"
2026-09-28T01:11:53Z,fal-ai/elevenlabs/sound-effects/v2,beamloop-12,1,3.0,0.0060,2.2328,ok,beamloop-12-1.wav,"Continuous sustained energy beam, held steady: relentless green cutting beam, droning electronic hum with mechanical grinding. Seamless steady loop, cinematic sci-fi sound design, high fidelity, no music, no speech"
2026-09-28T01:11:56Z,fal-ai/elevenlabs/sound-effects/v2,beamloop-12,2,3.0,0.0060,2.2388,ok,beamloop-12-2.wav,"Continuous sustained energy beam, held steady: relentless green cutting beam, droning electronic hum with mechanical grinding. Seamless steady loop, cinematic sci-fi sound design, high fidelity, no music, no speech"
2026-09-28T01:11:56Z,fal-ai/elevenlabs/sound-effects/v2,beamloop-13,1,3.0,0.0060,2.2448,ok,beamloop-13-1.wav,"Continuous sustained energy beam, held steady: warm golden energy beam, bright resonant singing tone with a soft shimmer and gentle crackle. Seamless steady loop, cinematic sci-fi sound design, high fidelity, no music, no speech"
2026-09-28T01:11:57Z,fal-ai/elevenlabs/sound-effects/v2,beamloop-13,2,3.0,0.0060,2.2508,ok,beamloop-13-2.wav,"Continuous sustained energy beam, held steady: warm golden energy beam, bright resonant singing tone with a soft shimmer and gentle crackle. Seamless steady loop, cinematic sci-fi sound design, high fidelity, no music, no speech"
2026-09-28T01:11:57Z,fal-ai/elevenlabs/sound-effects/v2,beamloop-14,1,3.0,0.0060,2.2568,ok,beamloop-14-1.wav,"Continuous sustained energy beam, held steady: military plasma cutting beam, harsh buzzing hiss. Seamless steady loop, cinematic sci-fi sound design, high fidelity, no music, no speech"
2026-09-28T01:11:58Z,fal-ai/elevenlabs/sound-effects/v2,beamloop-14,2,3.0,0.0060,2.2628,ok,beamloop-14-2.wav,"Continuous sustained energy beam, held steady: military plasma cutting beam, harsh buzzing hiss. Seamless steady loop, cinematic sci-fi sound design, high fidelity, no music, no speech"
2026-09-28T01:11:58Z,fal-ai/elevenlabs/sound-effects/v2,beamloop-15,1,3.0,0.0060,2.2688,ok,beamloop-15-1.wav,"Continuous sustained energy beam, held steady: ancient alien energy beam, deep otherworldly drone with a cold edge. Seamless steady loop, cinematic sci-fi sound design, high fidelity, no music, no speech"
2026-09-28T01:12:01Z,fal-ai/elevenlabs/sound-effects/v2,beamloop-15,2,3.0,0.0060,2.2748,ok,beamloop-15-2.wav,"Continuous sustained energy beam, held steady: ancient alien energy beam, deep otherworldly drone with a cold edge. Seamless steady loop, cinematic sci-fi sound design, high fidelity, no music, no speech"
2026-09-28T01:12:02Z,fal-ai/elevenlabs/sound-effects/v2,beamloop-16,1,3.0,0.0060,2.2808,ok,beamloop-16-1.wav,"Continuous sustained energy beam, held steady: searing red plasma beam, crackling hiss. Seamless steady loop, cinematic sci-fi sound design, high fidelity, no music, no speech"
2026-09-28T01:12:02Z,fal-ai/elevenlabs/sound-effects/v2,beamloop-16,2,3.0,0.0060,2.2868,ok,beamloop-16-2.wav,"Continuous sustained energy beam, held steady: searing red plasma beam, crackling hiss. Seamless steady loop, cinematic sci-fi sound design, high fidelity, no music, no speech"
2026-09-28T01:12:02Z,fal-ai/elevenlabs/sound-effects/v2,beamloop-17,1,3.0,0.0060,2.2928,ok,beamloop-17-1.wav,"Continuous sustained energy beam, held steady: overwhelming ancient energy beam, deep roaring resonant tone with celestial shimmer. Seamless steady loop, cinematic sci-fi sound design, high fidelity, no music, no speech"
2026-09-28T01:12:04Z,fal-ai/elevenlabs/sound-effects/v2,beamloop-17,2,3.0,0.0060,2.2988,ok,beamloop-17-2.wav,"Continuous sustained energy beam, held steady: overwhelming ancient energy beam, deep roaring resonant tone with celestial shimmer. Seamless steady loop, cinematic sci-fi sound design, high fidelity, no music, no speech"
2026-09-28T01:12:04Z,fal-ai/elevenlabs/sound-effects/v2,beamloop-18,1,3.0,0.0060,2.3048,ok,beamloop-18-1.wav,"Continuous sustained energy beam, held steady: green plasma disruptor beam, hissing sustained energy. Seamless steady loop, cinematic sci-fi sound design, high fidelity, no music, no speech"
2026-09-28T01:12:07Z,fal-ai/elevenlabs/sound-effects/v2,beamloop-18,2,3.0,0.0060,2.3108,ok,beamloop-18-2.wav,"Continuous sustained energy beam, held steady: green plasma disruptor beam, hissing sustained energy. Seamless steady loop, cinematic sci-fi sound design, high fidelity, no music, no speech"
2026-09-28T01:12:08Z,fal-ai/elevenlabs/sound-effects/v2,beamloop-19,1,3.0,0.0060,2.3168,ok,beamloop-19-1.wav,"Continuous sustained energy beam, held steady: polaron beam, harsh sustained electronic whine with metallic grit. Seamless steady loop, cinematic sci-fi sound design, high fidelity, no music, no speech"
2026-09-28T01:12:08Z,fal-ai/elevenlabs/sound-effects/v2,beamloop-19,2,3.0,0.0060,2.3228,ok,beamloop-19-2.wav,"Continuous sustained energy beam, held steady: polaron beam, harsh sustained electronic whine with metallic grit. Seamless steady loop, cinematic sci-fi sound design, high fidelity, no music, no speech"
2026-09-28T01:12:08Z,fal-ai/elevenlabs/sound-effects/v2,beamloop-20,1,3.0,0.0060,2.3288,ok,beamloop-20-1.wav,"Continuous sustained energy beam, held steady: lance battery, deafening crackling energy beam with a deep roar. Seamless steady loop, cinematic sci-fi sound design, high fidelity, no music, no speech"
2026-09-28T01:12:09Z,fal-ai/elevenlabs/sound-effects/v2,beamloop-20,2,3.0,0.0060,2.3348,ok,beamloop-20-2.wav,"Continuous sustained energy beam, held steady: lance battery, deafening crackling energy beam with a deep roar. Seamless steady loop, cinematic sci-fi sound design, high fidelity, no music, no speech"
2026-09-28T01:12:10Z,fal-ai/elevenlabs/sound-effects/v2,beamloop-21,1,3.0,0.0060,2.3408,ok,beamloop-21-1.wav,"Continuous sustained energy beam, held steady: bio-plasma stream, gurgling acidic hiss. Seamless steady loop, cinematic sci-fi sound design, high fidelity, no music, no speech"
2026-09-28T01:12:13Z,fal-ai/elevenlabs/sound-effects/v2,beamloop-21,2,3.0,0.0060,2.3468,ok,beamloop-21-2.wav,"Continuous sustained energy beam, held steady: bio-plasma stream, gurgling acidic hiss. Seamless steady loop, cinematic sci-fi sound design, high fidelity, no music, no speech"
2026-09-28T01:12:14Z,fal-ai/elevenlabs/sound-effects/v2,beamloop-22,1,3.0,0.0060,2.3528,ok,beamloop-22-1.wav,"Continuous sustained energy beam, held steady: sustained high-voltage lightning beam, buzzing crackling electrical arc. Seamless steady loop, cinematic sci-fi sound design, high fidelity, no music, no speech"
2026-09-28T01:12:14Z,fal-ai/elevenlabs/sound-effects/v2,beamloop-22,2,3.0,0.0060,2.3588,ok,beamloop-22-2.wav,"Continuous sustained energy beam, held steady: sustained high-voltage lightning beam, buzzing crackling electrical arc. Seamless steady loop, cinematic sci-fi sound design, high fidelity, no music, no speech"
2026-09-28T01:12:19Z,fal-ai/elevenlabs/sound-effects/v2,shot-0,4,0.8,0.0016,2.3604,ok,shot-0-4.wav,"Single shot: clean industrial energy bolt, crisp electric snap with a short metallic zing and a tight tail. Hollywood blockbuster sci-fi sound design, cinematic, high fidelity, punchy, no music, no speech"
2026-09-28T01:12:19Z,fal-ai/elevenlabs/sound-effects/v2,shot-0,5,0.8,0.0016,2.3620,ok,shot-0-5.wav,"Single shot: clean industrial energy bolt, crisp electric snap with a short metallic zing and a tight tail. Hollywood blockbuster sci-fi sound design, cinematic, high fidelity, punchy, no music, no speech"
2026-09-28T01:12:19Z,fal-ai/elevenlabs/sound-effects/v2,shot-1,5,0.8,0.0016,2.3636,ok,shot-1-5.wav,"Single shot: wet organic acid spit, gurgling squelch launching a sticky glob, creature-like. Hollywood blockbuster sci-fi sound design, cinematic, high fidelity, punchy, no music, no speech"
2026-09-28T01:12:19Z,fal-ai/elevenlabs/sound-effects/v2,shot-2,4,0.8,0.0016,2.3652,ok,shot-2-4.wav,"Single shot: crystalline shard launcher, glassy ping with a bright shattering tinkle. Hollywood blockbuster sci-fi sound design, cinematic, high fidelity, punchy, no music, no speech"
2026-09-28T01:12:19Z,fal-ai/elevenlabs/sound-effects/v2,shot-1,4,0.8,0.0016,2.3668,ok,shot-1-4.wav,"Single shot: wet organic acid spit, gurgling squelch launching a sticky glob, creature-like. Hollywood blockbuster sci-fi sound design, cinematic, high fidelity, punchy, no music, no speech"
2026-09-28T01:12:19Z,fal-ai/elevenlabs/sound-effects/v2,shot-2,5,0.8,0.0016,2.3684,ok,shot-2-5.wav,"Single shot: crystalline shard launcher, glassy ping with a bright shattering tinkle. Hollywood blockbuster sci-fi sound design, cinematic, high fidelity, punchy, no music, no speech"
2026-09-28T01:12:23Z,fal-ai/elevenlabs/sound-effects/v2,shot-3,4,0.8,0.0016,2.3700,ok,shot-3-4.wav,"Single shot: scrap-built junk cannon, clanking mechanical thump hurling jagged metal, rattling recoil. Hollywood blockbuster sci-fi sound design, cinematic, high fidelity, punchy, no music, no speech"
2026-09-28T01:12:23Z,fal-ai/elevenlabs/sound-effects/v2,shot-3,5,0.8,0.0016,2.3716,ok,shot-3-5.wav,"Single shot: scrap-built junk cannon, clanking mechanical thump hurling jagged metal, rattling recoil. Hollywood blockbuster sci-fi sound design, cinematic, high fidelity, punchy, no music, no speech"
2026-09-28T01:12:23Z,fal-ai/elevenlabs/sound-effects/v2,shot-4,4,0.8,0.0016,2.3732,ok,shot-4-4.wav,"Single shot: ethereal harmonic energy burst, a single pure angelic tone with a shimmering attack. Hollywood blockbuster sci-fi sound design, cinematic, high fidelity, punchy, no music, no speech"
2026-09-28T01:12:24Z,fal-ai/elevenlabs/sound-effects/v2,shot-4,5,0.8,0.0016,2.3748,ok,shot-4-5.wav,"Single shot: ethereal harmonic energy burst, a single pure angelic tone with a shimmering attack. Hollywood blockbuster sci-fi sound design, cinematic, high fidelity, punchy, no music, no speech"
2026-09-28T01:12:24Z,fal-ai/elevenlabs/sound-effects/v2,shot-5,4,0.8,0.0016,2.3764,ok,shot-5-4.wav,"Single shot: heavy turbolaser blast, thick punchy energy bolt with a descending metallic pew and springy twang. Hollywood blockbuster sci-fi sound design, cinematic, high fidelity, punchy, no music, no speech"
2026-09-28T01:12:24Z,fal-ai/elevenlabs/sound-effects/v2,shot-5,5,0.8,0.0016,2.3780,ok,shot-5-5.wav,"Single shot: heavy turbolaser blast, thick punchy energy bolt with a descending metallic pew and springy twang. Hollywood blockbuster sci-fi sound design, cinematic, high fidelity, punchy, no music, no speech"
2026-09-28T01:12:27Z,fal-ai/elevenlabs/sound-effects/v2,shot-6,4,0.8,0.0016,2.3796,ok,shot-6-4.wav,"Single shot: rapid starfighter laser cannon, bright snappy zap with a springy metallic twang. Hollywood blockbuster sci-fi sound design, cinematic, high fidelity, punchy, no music, no speech"
2026-09-28T01:12:27Z,fal-ai/elevenlabs/sound-effects/v2,shot-6,5,0.8,0.0016,2.3812,ok,shot-6-5.wav,"Single shot: rapid starfighter laser cannon, bright snappy zap with a springy metallic twang. Hollywood blockbuster sci-fi sound design, cinematic, high fidelity, punchy, no music, no speech"
2026-09-28T01:12:27Z,fal-ai/elevenlabs/sound-effects/v2,shot-7,4,0.8,0.0016,2.3828,ok,shot-7-4.wav,"Single shot: elegant alien energy pulse, clean crystalline tone with a smooth whoosh. Hollywood blockbuster sci-fi sound design, cinematic, high fidelity, punchy, no music, no speech"
2026-09-28T01:12:27Z,fal-ai/elevenlabs/sound-effects/v2,shot-7,5,0.8,0.0016,2.3844,ok,shot-7-5.wav,"Single shot: elegant alien energy pulse, clean crystalline tone with a smooth whoosh. Hollywood blockbuster sci-fi sound design, cinematic, high fidelity, punchy, no music, no speech"
2026-09-28T01:12:28Z,fal-ai/elevenlabs/sound-effects/v2,shot-8,4,0.8,0.0016,2.3860,ok,shot-8-4.wav,"Single shot: terrifying alien slicer burst, piercing inhuman shriek with a tearing rip. Hollywood blockbuster sci-fi sound design, cinematic, high fidelity, punchy, no music, no speech"
2026-09-28T01:12:28Z,fal-ai/elevenlabs/sound-effects/v2,shot-8,5,0.8,0.0016,2.3876,ok,shot-8-5.wav,"Single shot: terrifying alien slicer burst, piercing inhuman shriek with a tearing rip. Hollywood blockbuster sci-fi sound design, cinematic, high fidelity, punchy, no music, no speech"
2026-09-28T01:12:30Z,fal-ai/elevenlabs/sound-effects/v2,shot-9,4,0.8,0.0016,2.3892,ok,shot-9-4.wav,"Single shot: military pulse cannon, heavy gritty thump-zap, practical and hard-hitting. Hollywood blockbuster sci-fi sound design, cinematic, high fidelity, punchy, no music, no speech"
2026-09-28T01:12:31Z,fal-ai/elevenlabs/sound-effects/v2,shot-9,5,0.8,0.0016,2.3908,ok,shot-9-5.wav,"Single shot: military pulse cannon, heavy gritty thump-zap, practical and hard-hitting. Hollywood blockbuster sci-fi sound design, cinematic, high fidelity, punchy, no music, no speech"
2026-09-28T01:12:31Z,fal-ai/elevenlabs/sound-effects/v2,shot-10,4,0.8,0.0016,2.3924,ok,shot-10-4.wav,"Single shot: torpedo launch, resonant electronic whoosh with a bright tonal burst. Hollywood blockbuster sci-fi sound design, cinematic, high fidelity, punchy, no music, no speech"
2026-09-28T01:12:31Z,fal-ai/elevenlabs/sound-effects/v2,shot-10,5,0.8,0.0016,2.3940,ok,shot-10-5.wav,"Single shot: torpedo launch, resonant electronic whoosh with a bright tonal burst. Hollywood blockbuster sci-fi sound design, cinematic, high fidelity, punchy, no music, no speech"
2026-09-28T01:12:32Z,fal-ai/elevenlabs/sound-effects/v2,shot-11,4,0.8,0.0016,2.3956,ok,shot-11-4.wav,"Single shot: aggressive disruptor bolt, harsh crackling snarl with a buzzing electric bite. Hollywood blockbuster sci-fi sound design, cinematic, high fidelity, punchy, no music, no speech"
2026-09-28T01:12:32Z,fal-ai/elevenlabs/sound-effects/v2,shot-11,5,0.8,0.0016,2.3972,ok,shot-11-5.wav,"Single shot: aggressive disruptor bolt, harsh crackling snarl with a buzzing electric bite. Hollywood blockbuster sci-fi sound design, cinematic, high fidelity, punchy, no music, no speech"
2026-09-28T01:12:33Z,fal-ai/elevenlabs/sound-effects/v2,shot-12,4,0.8,0.0016,2.3988,ok,shot-12-4.wav,"Single shot: cold mechanical energy discharge, synthetic digital zap with a metallic servo click. Hollywood blockbuster sci-fi sound design, cinematic, high fidelity, punchy, no music, no speech"
2026-09-28T01:12:34Z,fal-ai/elevenlabs/sound-effects/v2,shot-12,5,0.8,0.0016,2.4004,ok,shot-12-5.wav,"Single shot: cold mechanical energy discharge, synthetic digital zap with a metallic servo click. Hollywood blockbuster sci-fi sound design, cinematic, high fidelity, punchy, no music, no speech"
2026-09-28T01:12:34Z,fal-ai/elevenlabs/sound-effects/v2,shot-13,4,0.8,0.0016,2.4020,ok,shot-13-4.wav,"Single shot: warm alien energy bolt, soft rounded melodic zap. Hollywood blockbuster sci-fi sound design, cinematic, high fidelity, punchy, no music, no speech"
2026-09-28T01:12:35Z,fal-ai/elevenlabs/sound-effects/v2,shot-13,5,0.8,0.0016,2.4036,ok,shot-13-5.wav,"Single shot: warm alien energy bolt, soft rounded melodic zap. Hollywood blockbuster sci-fi sound design, cinematic, high fidelity, punchy, no music, no speech"
2026-09-28T01:12:35Z,fal-ai/elevenlabs/sound-effects/v2,shot-14,4,0.8,0.0016,2.4052,ok,shot-14-4.wav,"Single shot: heavy military automatic rifle burst, rapid punchy gunfire with mechanical clatter and shell ejection. Hollywood blockbuster sci-fi sound design, cinematic, high fidelity, punchy, no music, no speech"
2026-09-28T01:12:36Z,fal-ai/elevenlabs/sound-effects/v2,shot-14,5,0.8,0.0016,2.4068,ok,shot-14-5.wav,"Single shot: heavy military automatic rifle burst, rapid punchy gunfire with mechanical clatter and shell ejection. Hollywood blockbuster sci-fi sound design, cinematic, high fidelity, punchy, no music, no speech"
2026-09-28T01:12:36Z,fal-ai/elevenlabs/sound-effects/v2,shot-15,4,0.8,0.0016,2.4084,ok,shot-15-4.wav,"Single shot: ancient alien biomechanical cannon, deep wet resonant thrum as it fires. Hollywood blockbuster sci-fi sound design, cinematic, high fidelity, punchy, no music, no speech"
2026-09-28T01:12:38Z,fal-ai/elevenlabs/sound-effects/v2,shot-15,5,0.8,0.0016,2.4100,ok,shot-15-5.wav,"Single shot: ancient alien biomechanical cannon, deep wet resonant thrum as it fires. Hollywood blockbuster sci-fi sound design, cinematic, high fidelity, punchy, no music, no speech"
2026-09-28T01:12:38Z,fal-ai/elevenlabs/sound-effects/v2,shot-16,4,0.8,0.0016,2.4116,ok,shot-16-4.wav,"Single shot: shoulder plasma caster shot, sharp charged zap with a crackling discharge. Hollywood blockbuster sci-fi sound design, cinematic, high fidelity, punchy, no music, no speech"
2026-09-28T01:12:39Z,fal-ai/elevenlabs/sound-effects/v2,shot-16,5,0.8,0.0016,2.4132,ok,shot-16-5.wav,"Single shot: shoulder plasma caster shot, sharp charged zap with a crackling discharge. Hollywood blockbuster sci-fi sound design, cinematic, high fidelity, punchy, no music, no speech"
2026-09-28T01:12:39Z,fal-ai/elevenlabs/sound-effects/v2,shot-17,4,0.8,0.0016,2.4148,ok,shot-17-4.wav,"Single shot: ancient god-like energy discharge, massive resonant tone with shimmering electrical arcs. Hollywood blockbuster sci-fi sound design, cinematic, high fidelity, punchy, no music, no speech"
2026-09-28T01:12:39Z,fal-ai/elevenlabs/sound-effects/v2,shot-17,5,0.8,0.0016,2.4164,ok,shot-17-5.wav,"Single shot: ancient god-like energy discharge, massive resonant tone with shimmering electrical arcs. Hollywood blockbuster sci-fi sound design, cinematic, high fidelity, punchy, no music, no speech"
2026-09-28T01:12:40Z,fal-ai/elevenlabs/sound-effects/v2,shot-18,4,0.8,0.0016,2.4180,ok,shot-18-4.wav,"Single shot: sleek disruptor bolt, sharp hissing zap with a bird-of-prey screech. Hollywood blockbuster sci-fi sound design, cinematic, high fidelity, punchy, no music, no speech"
2026-09-28T01:12:41Z,fal-ai/elevenlabs/sound-effects/v2,shot-18,5,0.8,0.0016,2.4196,ok,shot-18-5.wav,"Single shot: sleek disruptor bolt, sharp hissing zap with a bird-of-prey screech. Hollywood blockbuster sci-fi sound design, cinematic, high fidelity, punchy, no music, no speech"
2026-09-28T01:12:42Z,fal-ai/elevenlabs/sound-effects/v2,shot-19,4,0.8,0.0016,2.4212,ok,shot-19-4.wav,"Single shot: polaron energy burst, sharp zap with a harsh metallic ring. Hollywood blockbuster sci-fi sound design, cinematic, high fidelity, punchy, no music, no speech"
2026-09-28T01:12:43Z,fal-ai/elevenlabs/sound-effects/v2,shot-19,5,0.8,0.0016,2.4228,ok,shot-19-5.wav,"Single shot: polaron energy burst, sharp zap with a harsh metallic ring. Hollywood blockbuster sci-fi sound design, cinematic, high fidelity, punchy, no music, no speech"
2026-09-28T01:12:43Z,fal-ai/elevenlabs/sound-effects/v2,shot-20,4,0.8,0.0016,2.4244,ok,shot-20-4.wav,"Single shot: gothic battleship macro-cannon, thunderous artillery boom with a metallic clang. Hollywood blockbuster sci-fi sound design, cinematic, high fidelity, punchy, no music, no speech"
2026-09-28T01:12:43Z,fal-ai/elevenlabs/sound-effects/v2,shot-20,5,0.8,0.0016,2.4260,ok,shot-20-5.wav,"Single shot: gothic battleship macro-cannon, thunderous artillery boom with a metallic clang. Hollywood blockbuster sci-fi sound design, cinematic, high fidelity, punchy, no music, no speech"
2026-09-28T01:12:43Z,fal-ai/elevenlabs/sound-effects/v2,shot-21,4,0.8,0.0016,2.4276,ok,shot-21-4.wav,"Single shot: alien bio-cannon, wet fleshy thump firing a spore sac, squelch. Hollywood blockbuster sci-fi sound design, cinematic, high fidelity, punchy, no music, no speech"
2026-09-28T01:12:45Z,fal-ai/elevenlabs/sound-effects/v2,shot-21,5,0.8,0.0016,2.4292,ok,shot-21-5.wav,"Single shot: alien bio-cannon, wet fleshy thump firing a spore sac, squelch. Hollywood blockbuster sci-fi sound design, cinematic, high fidelity, punchy, no music, no speech"
2026-09-28T01:12:47Z,fal-ai/elevenlabs/sound-effects/v2,shot-22,4,0.8,0.0016,2.4308,ok; not used (prompt named a device after a brand the fleet is named for),shot-22-4.wav,"Single shot: high-voltage electric pulse gun, sharp crackling tesla-coil snap. Hollywood blockbuster sci-fi sound design, cinematic, high fidelity, punchy, no music, no speech"
2026-09-28T01:12:47Z,fal-ai/elevenlabs/sound-effects/v2,shot-22,5,0.8,0.0016,2.4324,ok; not used (prompt named a device after a brand the fleet is named for),shot-22-5.wav,"Single shot: high-voltage electric pulse gun, sharp crackling tesla-coil snap. Hollywood blockbuster sci-fi sound design, cinematic, high fidelity, punchy, no music, no speech"
2026-09-28T01:12:51Z,fal-ai/elevenlabs/sound-effects/v2,hit-light,3,0.7,0.0014,2.4338,ok,hit-light-3.wav,"Small energy bolt striking a starship metal hull, sharp metallic clang with sizzling sparks. Close-up, dry, cinematic sci-fi sound design, high fidelity, no music, no speech"
2026-09-28T01:12:51Z,fal-ai/elevenlabs/sound-effects/v2,hit-light,4,0.7,0.0014,2.4352,ok,hit-light-4.wav,"Small energy bolt striking a starship metal hull, sharp metallic clang with sizzling sparks. Close-up, dry, cinematic sci-fi sound design, high fidelity, no music, no speech"
2026-09-28T01:12:55Z,fal-ai/elevenlabs/sound-effects/v2,hit-heavy,1,1.5,0.0030,2.4382,ok,hit-heavy-1.wav,"Heavy cannon blast slamming into armoured starship hull, deep metal impact, tearing plating and scattering debris. Close-up, dry, cinematic sci-fi sound design, high fidelity, no music, no speech"
2026-09-28T01:12:55Z,fal-ai/elevenlabs/sound-effects/v2,hit-heavy,2,1.5,0.0030,2.4412,ok,hit-heavy-2.wav,"Heavy cannon blast slamming into armoured starship hull, deep metal impact, tearing plating and scattering debris. Close-up, dry, cinematic sci-fi sound design, high fidelity, no music, no speech"
2026-09-28T01:12:55Z,fal-ai/elevenlabs/sound-effects/v2,hit-heavy,3,1.5,0.0030,2.4442,ok,hit-heavy-3.wav,"Heavy cannon blast slamming into armoured starship hull, deep metal impact, tearing plating and scattering debris. Close-up, dry, cinematic sci-fi sound design, high fidelity, no music, no speech"
2026-09-28T01:12:55Z,fal-ai/elevenlabs/sound-effects/v2,hit-heavy,4,1.5,0.0030,2.4472,ok,hit-heavy-4.wav,"Heavy cannon blast slamming into armoured starship hull, deep metal impact, tearing plating and scattering debris. Close-up, dry, cinematic sci-fi sound design, high fidelity, no music, no speech"
2026-09-28T01:12:55Z,fal-ai/elevenlabs/sound-effects/v2,shield-ring,1,1.2,0.0024,2.4496,ok,shield-ring-1.wav,"Energy deflector shield absorbing a weapon hit, resonant ringing electronic shimmer with a soft wobble, bright and tonal. Close-up, dry, cinematic sci-fi sound design, high fidelity, no music, no speech"
2026-09-28T01:12:55Z,fal-ai/elevenlabs/sound-effects/v2,shield-ring,2,1.2,0.0024,2.4520,ok,shield-ring-2.wav,"Energy deflector shield absorbing a weapon hit, resonant ringing electronic shimmer with a soft wobble, bright and tonal. Close-up, dry, cinematic sci-fi sound design, high fidelity, no music, no speech"
2026-09-28T01:12:58Z,fal-ai/elevenlabs/sound-effects/v2,shield-ring,3,1.2,0.0024,2.4544,ok,shield-ring-3.wav,"Energy deflector shield absorbing a weapon hit, resonant ringing electronic shimmer with a soft wobble, bright and tonal. Close-up, dry, cinematic sci-fi sound design, high fidelity, no music, no speech"
2026-09-28T01:12:58Z,fal-ai/elevenlabs/sound-effects/v2,shield-ring,4,1.2,0.0024,2.4568,ok,shield-ring-4.wav,"Energy deflector shield absorbing a weapon hit, resonant ringing electronic shimmer with a soft wobble, bright and tonal. Close-up, dry, cinematic sci-fi sound design, high fidelity, no music, no speech"
2026-09-28T01:12:59Z,fal-ai/elevenlabs/sound-effects/v2,shield-hum,1,1.2,0.0024,2.4592,ok,shield-hum-1.wav,"Energy shield taking a hit, gritty buzzing electric flare with a humming wobble. Close-up, dry, cinematic sci-fi sound design, high fidelity, no music, no speech"
2026-09-28T01:12:59Z,fal-ai/elevenlabs/sound-effects/v2,shield-hum,2,1.2,0.0024,2.4616,ok,shield-hum-2.wav,"Energy shield taking a hit, gritty buzzing electric flare with a humming wobble. Close-up, dry, cinematic sci-fi sound design, high fidelity, no music, no speech"
2026-09-28T01:12:59Z,fal-ai/elevenlabs/sound-effects/v2,shield-hum,3,1.2,0.0024,2.4640,ok,shield-hum-3.wav,"Energy shield taking a hit, gritty buzzing electric flare with a humming wobble. Close-up, dry, cinematic sci-fi sound design, high fidelity, no music, no speech"
2026-09-28T01:13:00Z,fal-ai/elevenlabs/sound-effects/v2,shield-hum,4,1.2,0.0024,2.4664,ok,shield-hum-4.wav,"Energy shield taking a hit, gritty buzzing electric flare with a humming wobble. Close-up, dry, cinematic sci-fi sound design, high fidelity, no music, no speech"
2026-09-28T01:13:01Z,fal-ai/elevenlabs/sound-effects/v2,shield-crackle,1,1.2,0.0024,2.4688,ok,shield-crackle-1.wav,"Cold green energy barrier absorbing a hit, harsh digital crackle and electric buzz. Close-up, dry, cinematic sci-fi sound design, high fidelity, no music, no speech"
2026-09-28T01:13:02Z,fal-ai/elevenlabs/sound-effects/v2,shield-crackle,2,1.2,0.0024,2.4712,ok,shield-crackle-2.wav,"Cold green energy barrier absorbing a hit, harsh digital crackle and electric buzz. Close-up, dry, cinematic sci-fi sound design, high fidelity, no music, no speech"
2026-09-28T01:13:03Z,fal-ai/elevenlabs/sound-effects/v2,shield-crackle,3,1.2,0.0024,2.4736,ok,shield-crackle-3.wav,"Cold green energy barrier absorbing a hit, harsh digital crackle and electric buzz. Close-up, dry, cinematic sci-fi sound design, high fidelity, no music, no speech"
2026-09-28T01:13:03Z,fal-ai/elevenlabs/sound-effects/v2,shield-crackle,4,1.2,0.0024,2.4760,ok,shield-crackle-4.wav,"Cold green energy barrier absorbing a hit, harsh digital crackle and electric buzz. Close-up, dry, cinematic sci-fi sound design, high fidelity, no music, no speech"
2026-09-28T01:13:03Z,fal-ai/elevenlabs/sound-effects/v2,whizz-e,1,1.0,0.0020,2.4780,ok,whizz-e-1.wav,"Energy bolt whizzing past very close to the ear, fast zip passing from one side to the other. Close-up, dry, cinematic sci-fi sound design, high fidelity, no music, no speech"
2026-09-28T01:13:04Z,fal-ai/elevenlabs/sound-effects/v2,whizz-e,2,1.0,0.0020,2.4800,ok,whizz-e-2.wav,"Energy bolt whizzing past very close to the ear, fast zip passing from one side to the other. Close-up, dry, cinematic sci-fi sound design, high fidelity, no music, no speech"
2026-09-28T01:13:05Z,fal-ai/elevenlabs/sound-effects/v2,whizz-e,3,1.0,0.0020,2.4820,ok,whizz-e-3.wav,"Energy bolt whizzing past very close to the ear, fast zip passing from one side to the other. Close-up, dry, cinematic sci-fi sound design, high fidelity, no music, no speech"
2026-09-28T01:13:05Z,fal-ai/elevenlabs/sound-effects/v2,whizz-e,4,1.0,0.0020,2.4840,ok,whizz-e-4.wav,"Energy bolt whizzing past very close to the ear, fast zip passing from one side to the other. Close-up, dry, cinematic sci-fi sound design, high fidelity, no music, no speech"
2026-09-28T01:13:06Z,fal-ai/elevenlabs/sound-effects/v2,debris,1,1.8,0.0036,2.4876,ok,debris-1.wav,"Metal debris tumbling and clattering, scattered small metal pieces bouncing off a hull. Close-up, dry, cinematic sci-fi sound design, high fidelity, no music, no speech"
2026-09-28T01:13:06Z,fal-ai/elevenlabs/sound-effects/v2,debris,2,1.8,0.0036,2.4912,ok,debris-2.wav,"Metal debris tumbling and clattering, scattered small metal pieces bouncing off a hull. Close-up, dry, cinematic sci-fi sound design, high fidelity, no music, no speech"
2026-09-28T01:13:07Z,fal-ai/elevenlabs/sound-effects/v2,debris,3,1.8,0.0036,2.4948,ok,debris-3.wav,"Metal debris tumbling and clattering, scattered small metal pieces bouncing off a hull. Close-up, dry, cinematic sci-fi sound design, high fidelity, no music, no speech"
2026-09-28T01:13:07Z,fal-ai/elevenlabs/sound-effects/v2,debris,4,1.8,0.0036,2.4984,ok,debris-4.wav,"Metal debris tumbling and clattering, scattered small metal pieces bouncing off a hull. Close-up, dry, cinematic sci-fi sound design, high fidelity, no music, no speech"
2026-09-28T01:13:08Z,fal-ai/elevenlabs/sound-effects/v2,sparks,1,1.2,0.0024,2.5008,ok,sparks-1.wav,"Electrical sparks shorting out, crackling fizz and pops from damaged wiring. Close-up, dry, cinematic sci-fi sound design, high fidelity, no music, no speech"
2026-09-28T01:13:09Z,fal-ai/elevenlabs/sound-effects/v2,sparks,2,1.2,0.0024,2.5032,ok,sparks-2.wav,"Electrical sparks shorting out, crackling fizz and pops from damaged wiring. Close-up, dry, cinematic sci-fi sound design, high fidelity, no music, no speech"
2026-09-28T01:13:11Z,fal-ai/elevenlabs/sound-effects/v2,sparks,3,1.2,0.0024,2.5056,ok,sparks-3.wav,"Electrical sparks shorting out, crackling fizz and pops from damaged wiring. Close-up, dry, cinematic sci-fi sound design, high fidelity, no music, no speech"
2026-09-28T01:13:11Z,fal-ai/elevenlabs/sound-effects/v2,sparks,4,1.2,0.0024,2.5080,ok,sparks-4.wav,"Electrical sparks shorting out, crackling fizz and pops from damaged wiring. Close-up, dry, cinematic sci-fi sound design, high fidelity, no music, no speech"
2026-09-28T01:13:11Z,fal-ai/elevenlabs/sound-effects/v2,xcrack,1,0.6,0.0012,2.5092,ok,xcrack-1.wav,"Sharp explosive crack, the first split second of a huge blast, a snap of pressure, close. Cinematic blockbuster sound design, huge and clean, high fidelity, no music, no speech"
2026-09-28T01:13:11Z,fal-ai/elevenlabs/sound-effects/v2,xcrack,2,0.6,0.0012,2.5104,ok,xcrack-2.wav,"Sharp explosive crack, the first split second of a huge blast, a snap of pressure, close. Cinematic blockbuster sound design, huge and clean, high fidelity, no music, no speech"
2026-09-28T01:13:11Z,fal-ai/elevenlabs/sound-effects/v2,xcrack,3,0.6,0.0012,2.5116,ok,xcrack-3.wav,"Sharp explosive crack, the first split second of a huge blast, a snap of pressure, close. Cinematic blockbuster sound design, huge and clean, high fidelity, no music, no speech"
2026-09-28T01:13:14Z,fal-ai/elevenlabs/sound-effects/v2,xcrack,4,0.6,0.0012,2.5128,ok,xcrack-4.wav,"Sharp explosive crack, the first split second of a huge blast, a snap of pressure, close. Cinematic blockbuster sound design, huge and clean, high fidelity, no music, no speech"
2026-09-28T01:13:14Z,fal-ai/elevenlabs/sound-effects/v2,xsub,1,2.5,0.0050,2.5178,ok,xsub-1.wav,"Deep low explosion thump, massive low boom felt in the chest, short with a rumbling decay, no high frequencies. Cinematic blockbuster sound design, huge and clean, high fidelity, no music, no speech"
2026-09-28T01:13:15Z,fal-ai/elevenlabs/sound-effects/v2,xsub,2,2.5,0.0050,2.5228,ok,xsub-2.wav,"Deep low explosion thump, massive low boom felt in the chest, short with a rumbling decay, no high frequencies. Cinematic blockbuster sound design, huge and clean, high fidelity, no music, no speech"
2026-09-28T01:13:15Z,fal-ai/elevenlabs/sound-effects/v2,xsub,3,2.5,0.0050,2.5278,ok,xsub-3.wav,"Deep low explosion thump, massive low boom felt in the chest, short with a rumbling decay, no high frequencies. Cinematic blockbuster sound design, huge and clean, high fidelity, no music, no speech"
2026-09-28T01:13:15Z,fal-ai/elevenlabs/sound-effects/v2,xsub,4,2.5,0.0050,2.5328,ok,xsub-4.wav,"Deep low explosion thump, massive low boom felt in the chest, short with a rumbling decay, no high frequencies. Cinematic blockbuster sound design, huge and clean, high fidelity, no music, no speech"
2026-09-28T01:13:20Z,fal-ai/elevenlabs/sound-effects/v2,whizz-k,1,1.0,0.0020,2.5348,ok,whizz-k-1.wav,"Cannon round whizzing past very close, supersonic crack and a fast zip. Close-up, dry, cinematic sci-fi sound design, high fidelity, no music, no speech"
2026-09-28T01:13:20Z,fal-ai/elevenlabs/sound-effects/v2,whizz-k,2,1.0,0.0020,2.5368,ok,whizz-k-2.wav,"Cannon round whizzing past very close, supersonic crack and a fast zip. Close-up, dry, cinematic sci-fi sound design, high fidelity, no music, no speech"
2026-09-28T01:13:20Z,fal-ai/elevenlabs/sound-effects/v2,whizz-k,3,1.0,0.0020,2.5388,ok,whizz-k-3.wav,"Cannon round whizzing past very close, supersonic crack and a fast zip. Close-up, dry, cinematic sci-fi sound design, high fidelity, no music, no speech"
2026-09-28T01:13:20Z,fal-ai/elevenlabs/sound-effects/v2,groan,1,5.0,0.0100,2.5488,ok,groan-1.wav,"Huge metal starship structure groaning and creaking under enormous stress, deep low metallic moans, about to break. Close-up, dry, cinematic sci-fi sound design, high fidelity, no music, no speech"
2026-09-28T01:13:20Z,fal-ai/elevenlabs/sound-effects/v2,groan,2,5.0,0.0100,2.5588,ok,groan-2.wav,"Huge metal starship structure groaning and creaking under enormous stress, deep low metallic moans, about to break. Close-up, dry, cinematic sci-fi sound design, high fidelity, no music, no speech"
2026-09-28T01:13:20Z,fal-ai/elevenlabs/sound-effects/v2,groan,3,5.0,0.0100,2.5688,ok,groan-3.wav,"Huge metal starship structure groaning and creaking under enormous stress, deep low metallic moans, about to break. Close-up, dry, cinematic sci-fi sound design, high fidelity, no music, no speech"
2026-09-28T01:13:23Z,fal-ai/elevenlabs/sound-effects/v2,arrive-hyper,1,2.5,0.0050,2.5738,ok,arrive-hyper-1.wav,"Starship dropping out of lightspeed, sharp sudden whooshing snap and a deep air-pressure thump. Cinematic sci-fi sound design, big and clean, high fidelity, no music, no speech"
2026-09-28T01:13:23Z,fal-ai/elevenlabs/sound-effects/v2,arrive-hyper,2,2.5,0.0050,2.5788,ok,arrive-hyper-2.wav,"Starship dropping out of lightspeed, sharp sudden whooshing snap and a deep air-pressure thump. Cinematic sci-fi sound design, big and clean, high fidelity, no music, no speech"
2026-09-28T01:13:23Z,fal-ai/elevenlabs/sound-effects/v2,arrive-hyper,3,2.5,0.0050,2.5838,ok,arrive-hyper-3.wav,"Starship dropping out of lightspeed, sharp sudden whooshing snap and a deep air-pressure thump. Cinematic sci-fi sound design, big and clean, high fidelity, no music, no speech"
2026-09-28T01:13:23Z,fal-ai/elevenlabs/sound-effects/v2,arrive-jump,1,2.5,0.0050,2.5888,ok,arrive-jump-1.wav,"Spinning vortex gateway opening in space, swelling rising electric whirl then a bright release as a ship emerges. Cinematic sci-fi sound design, big and clean, high fidelity, no music, no speech"
2026-09-28T01:13:24Z,fal-ai/elevenlabs/sound-effects/v2,arrive-jump,2,2.5,0.0050,2.5938,ok,arrive-jump-2.wav,"Spinning vortex gateway opening in space, swelling rising electric whirl then a bright release as a ship emerges. Cinematic sci-fi sound design, big and clean, high fidelity, no music, no speech"
2026-09-28T01:13:24Z,fal-ai/elevenlabs/sound-effects/v2,arrive-jump,3,2.5,0.0050,2.5988,ok,arrive-jump-3.wav,"Spinning vortex gateway opening in space, swelling rising electric whirl then a bright release as a ship emerges. Cinematic sci-fi sound design, big and clean, high fidelity, no music, no speech"
2026-09-28T01:13:26Z,fal-ai/elevenlabs/sound-effects/v2,arrive-warp,1,2.5,0.0050,2.6038,ok,arrive-warp-1.wav,"Starship dropping out of faster-than-light travel, bright flash with a stretched tonal whoosh collapsing into a low boom. Cinematic sci-fi sound design, big and clean, high fidelity, no music, no speech"
2026-09-28T01:13:26Z,fal-ai/elevenlabs/sound-effects/v2,arrive-warp,2,2.5,0.0050,2.6088,ok,arrive-warp-2.wav,"Starship dropping out of faster-than-light travel, bright flash with a stretched tonal whoosh collapsing into a low boom. Cinematic sci-fi sound design, big and clean, high fidelity, no music, no speech"
2026-09-28T01:13:27Z,fal-ai/elevenlabs/sound-effects/v2,arrive-warp,3,2.5,0.0050,2.6138,ok,arrive-warp-3.wav,"Starship dropping out of faster-than-light travel, bright flash with a stretched tonal whoosh collapsing into a low boom. Cinematic sci-fi sound design, big and clean, high fidelity, no music, no speech"
2026-09-28T01:13:27Z,fal-ai/elevenlabs/sound-effects/v2,arrive-conduit,1,2.5,0.0050,2.6188,ok,arrive-conduit-1.wav,"Green energy tunnel tearing open in space, distorted rushing roar and a harsh electronic rip. Cinematic sci-fi sound design, big and clean, high fidelity, no music, no speech"
2026-09-28T01:13:27Z,fal-ai/elevenlabs/sound-effects/v2,arrive-conduit,2,2.5,0.0050,2.6238,ok,arrive-conduit-2.wav,"Green energy tunnel tearing open in space, distorted rushing roar and a harsh electronic rip. Cinematic sci-fi sound design, big and clean, high fidelity, no music, no speech"
2026-09-28T01:13:28Z,fal-ai/elevenlabs/sound-effects/v2,arrive-conduit,3,2.5,0.0050,2.6288,ok,arrive-conduit-3.wav,"Green energy tunnel tearing open in space, distorted rushing roar and a harsh electronic rip. Cinematic sci-fi sound design, big and clean, high fidelity, no music, no speech"
2026-09-28T01:13:30Z,fal-ai/elevenlabs/sound-effects/v2,arrive-rift,1,2.5,0.0050,2.6338,ok,arrive-rift-1.wav,"Organic rift opening in space, wet fleshy squelch and a deep gurgling rumble as a creature-ship pushes through. Cinematic sci-fi sound design, big and clean, high fidelity, no music, no speech"
2026-09-28T01:13:30Z,fal-ai/elevenlabs/sound-effects/v2,arrive-rift,2,2.5,0.0050,2.6388,ok,arrive-rift-2.wav,"Organic rift opening in space, wet fleshy squelch and a deep gurgling rumble as a creature-ship pushes through. Cinematic sci-fi sound design, big and clean, high fidelity, no music, no speech"
2026-09-28T01:13:31Z,fal-ai/elevenlabs/sound-effects/v2,arrive-rift,3,2.5,0.0050,2.6438,ok,arrive-rift-3.wav,"Organic rift opening in space, wet fleshy squelch and a deep gurgling rumble as a creature-ship pushes through. Cinematic sci-fi sound design, big and clean, high fidelity, no music, no speech"
2026-09-28T01:13:31Z,fal-ai/elevenlabs/sound-effects/v2,arrive-rocket,1,2.5,0.0050,2.6488,ok,arrive-rocket-1.wav,"Rocket engine ignition, crackling roaring blast building quickly then settling into a thrust roar. Cinematic sci-fi sound design, big and clean, high fidelity, no music, no speech"
2026-09-28T01:13:31Z,fal-ai/elevenlabs/sound-effects/v2,arrive-rocket,2,2.5,0.0050,2.6538,ok,arrive-rocket-2.wav,"Rocket engine ignition, crackling roaring blast building quickly then settling into a thrust roar. Cinematic sci-fi sound design, big and clean, high fidelity, no music, no speech"
2026-09-28T01:13:32Z,fal-ai/elevenlabs/sound-effects/v2,arrive-rocket,3,2.5,0.0050,2.6588,ok,arrive-rocket-3.wav,"Rocket engine ignition, crackling roaring blast building quickly then settling into a thrust roar. Cinematic sci-fi sound design, big and clean, high fidelity, no music, no speech"
2026-09-28T01:13:33Z,fal-ai/elevenlabs/sound-effects/v2,xdebris,1,4.0,0.0080,2.6668,ok,xdebris-1.wav,"Debris raining down after an explosion, scattered metal fragments and crackling fire, tumbling pieces. Cinematic blockbuster sound design, huge and clean, high fidelity, no music, no speech"
2026-09-28T01:13:34Z,fal-ai/elevenlabs/sound-effects/v2,xdebris,2,4.0,0.0080,2.6748,ok,xdebris-2.wav,"Debris raining down after an explosion, scattered metal fragments and crackling fire, tumbling pieces. Cinematic blockbuster sound design, huge and clean, high fidelity, no music, no speech"
2026-09-28T01:13:35Z,fal-ai/elevenlabs/sound-effects/v2,xdebris,3,4.0,0.0080,2.6828,ok,xdebris-3.wav,"Debris raining down after an explosion, scattered metal fragments and crackling fire, tumbling pieces. Cinematic blockbuster sound design, huge and clean, high fidelity, no music, no speech"
2026-09-28T01:13:36Z,fal-ai/elevenlabs/sound-effects/v2,xtail,1,6.0,0.0120,2.6948,ok,xtail-1.wav,"Distant rolling thunder tail of a huge explosion echoing across a vast space, long low rumbling decay. Cinematic blockbuster sound design, huge and clean, high fidelity, no music, no speech"
2026-09-28T01:13:36Z,fal-ai/elevenlabs/sound-effects/v2,xtail,2,6.0,0.0120,2.7068,ok,xtail-2.wav,"Distant rolling thunder tail of a huge explosion echoing across a vast space, long low rumbling decay. Cinematic blockbuster sound design, huge and clean, high fidelity, no music, no speech"
2026-09-28T01:13:36Z,fal-ai/elevenlabs/sound-effects/v2,xtail,3,6.0,0.0120,2.7188,ok,xtail-3.wav,"Distant rolling thunder tail of a huge explosion echoing across a vast space, long low rumbling decay. Cinematic blockbuster sound design, huge and clean, high fidelity, no music, no speech"
2026-09-28T01:13:37Z,fal-ai/elevenlabs/sound-effects/v2,capital-break,1,9.0,0.0180,2.7368,ok,capital-break-1.wav,"Colossal warship breaking apart in stages: groaning metal, a chain of internal secondary explosions, a massive reactor blast and a long collapse. Cinematic blockbuster sound design, huge and clean, high fidelity, no music, no speech"
2026-09-28T01:13:38Z,fal-ai/elevenlabs/sound-effects/v2,capital-break,2,9.0,0.0180,2.7548,ok,capital-break-2.wav,"Colossal warship breaking apart in stages: groaning metal, a chain of internal secondary explosions, a massive reactor blast and a long collapse. Cinematic blockbuster sound design, huge and clean, high fidelity, no music, no speech"
2026-09-28T01:13:40Z,fal-ai/elevenlabs/sound-effects/v2,capital-break,3,9.0,0.0180,2.7728,ok,capital-break-3.wav,"Colossal warship breaking apart in stages: groaning metal, a chain of internal secondary explosions, a massive reactor blast and a long collapse. Cinematic blockbuster sound design, huge and clean, high fidelity, no music, no speech"
2026-09-28T01:13:40Z,fal-ai/elevenlabs/sound-effects/v2,age-end,1,12.0,0.0240,2.7968,ok,age-end-1.wav,"An impossibly vast ancient power dying: a deep rising resonant swell, a titanic detonation like a collapsing star, then a long shimmering ethereal decay. Cinematic blockbuster sound design, huge and clean, high fidelity, no music, no speech"
2026-09-28T01:13:41Z,fal-ai/elevenlabs/sound-effects/v2,age-end,2,12.0,0.0240,2.8208,ok,age-end-2.wav,"An impossibly vast ancient power dying: a deep rising resonant swell, a titanic detonation like a collapsing star, then a long shimmering ethereal decay. Cinematic blockbuster sound design, huge and clean, high fidelity, no music, no speech"
2026-09-28T01:13:41Z,fal-ai/elevenlabs/sound-effects/v2,age-end,3,12.0,0.0240,2.8448,ok,age-end-3.wav,"An impossibly vast ancient power dying: a deep rising resonant swell, a titanic detonation like a collapsing star, then a long shimmering ethereal decay. Cinematic blockbuster sound design, huge and clean, high fidelity, no music, no speech"
2026-09-28T01:13:46Z,fal-ai/elevenlabs/sound-effects/v2,vent,1,4.0,0.0080,2.8528,ok,vent-1.wav,"Damaged starship venting gas, steady hissing leak with sputtering sparks. Seamless steady loop, cinematic sci-fi sound design, high fidelity, no music, no speech"
2026-09-28T01:13:46Z,fal-ai/elevenlabs/sound-effects/v2,vent,2,4.0,0.0080,2.8608,ok,vent-2.wav,"Damaged starship venting gas, steady hissing leak with sputtering sparks. Seamless steady loop, cinematic sci-fi sound design, high fidelity, no music, no speech"
2026-09-28T01:13:46Z,fal-ai/elevenlabs/sound-effects/v2,ringing,1,5.0,0.0100,2.8708,ok,ringing-1.wav,"High-pitched ear ringing after a deafening blast, a thin steady tinnitus tone slowly fading over a faint muffled rumble. Cinematic blockbuster sound design, huge and clean, high fidelity, no music, no speech"
2026-09-28T01:13:46Z,fal-ai/elevenlabs/sound-effects/v2,ringing,2,5.0,0.0100,2.8808,ok,ringing-2.wav,"High-pitched ear ringing after a deafening blast, a thin steady tinnitus tone slowly fading over a faint muffled rumble. Cinematic blockbuster sound design, huge and clean, high fidelity, no music, no speech"
2026-09-28T01:13:46Z,fal-ai/elevenlabs/sound-effects/v2,cockpit-f,1,8.0,0.0160,2.8968,ok,cockpit-f-1.wav,"Inside a small starfighter cockpit, muffled engine rumble through the hull, rattling panels and a low cabin hum. Seamless steady loop, cinematic sci-fi sound design, high fidelity, no music, no speech"
2026-09-28T01:13:46Z,fal-ai/elevenlabs/sound-effects/v2,cockpit-f,2,8.0,0.0160,2.9128,ok,cockpit-f-2.wav,"Inside a small starfighter cockpit, muffled engine rumble through the hull, rattling panels and a low cabin hum. Seamless steady loop, cinematic sci-fi sound design, high fidelity, no music, no speech"
2026-09-28T01:13:50Z,fal-ai/elevenlabs/sound-effects/v2,cockpit-c,1,8.0,0.0160,2.9288,ok,cockpit-c-1.wav,"Inside a large starship bridge, deep muffled engine hum through the deck, soft ventilation and distant machinery. Seamless steady loop, cinematic sci-fi sound design, high fidelity, no music, no speech"
2026-09-28T01:13:50Z,fal-ai/elevenlabs/sound-effects/v2,cockpit-c,2,8.0,0.0160,2.9448,ok,cockpit-c-2.wav,"Inside a large starship bridge, deep muffled engine hum through the deck, soft ventilation and distant machinery. Seamless steady loop, cinematic sci-fi sound design, high fidelity, no music, no speech"
2026-09-28T01:13:55Z,fal-ai/elevenlabs/sound-effects/v2,whoosh-0,4,1.6,0.0032,2.9480,ok,whoosh-0-4.wav,"Starfighter streaking past the camera very close, fast doppler whoosh with a screaming engine, one pass from left to right. Hollywood blockbuster sci-fi sound design, cinematic, high fidelity, punchy, no music, no speech"
2026-09-28T01:13:55Z,fal-ai/elevenlabs/sound-effects/v2,whoosh-0,5,1.6,0.0032,2.9512,ok,whoosh-0-5.wav,"Starfighter streaking past the camera very close, fast doppler whoosh with a screaming engine, one pass from left to right. Hollywood blockbuster sci-fi sound design, cinematic, high fidelity, punchy, no music, no speech"
2026-09-28T01:13:55Z,fal-ai/elevenlabs/sound-effects/v2,whoosh-0,6,1.6,0.0032,2.9544,ok,whoosh-0-6.wav,"Starfighter streaking past the camera very close, fast doppler whoosh with a screaming engine, one pass from left to right. Hollywood blockbuster sci-fi sound design, cinematic, high fidelity, punchy, no music, no speech"
2026-09-28T01:14:00Z,fal-ai/elevenlabs/sound-effects/v2,whoosh-1,4,3.5,0.0070,2.9614,ok,whoosh-1-4.wav,"Massive warship sliding past the camera close overhead, deep rumbling roar swelling and fading away, huge doppler pass-by. Hollywood blockbuster sci-fi sound design, cinematic, high fidelity, punchy, no music, no speech"
2026-09-28T01:14:00Z,fal-ai/elevenlabs/sound-effects/v2,whoosh-1,5,3.5,0.0070,2.9684,ok,whoosh-1-5.wav,"Massive warship sliding past the camera close overhead, deep rumbling roar swelling and fading away, huge doppler pass-by. Hollywood blockbuster sci-fi sound design, cinematic, high fidelity, punchy, no music, no speech"
2026-09-28T01:14:06Z,fal-ai/elevenlabs/sound-effects/v2,ambience,2,20.0,0.0400,3.0084,ok,ambience-2.wav,"Distant space battle ambience, far-off muffled explosions and weapon fire over a low rumble. Seamless steady loop, cinematic sci-fi sound design, high fidelity, no music, no speech"
2026-09-28T01:14:06Z,fal-ai/elevenlabs/sound-effects/v2,ambience,3,20.0,0.0400,3.0484,ok,ambience-3.wav,"Distant space battle ambience, far-off muffled explosions and weapon fire over a low rumble. Seamless steady loop, cinematic sci-fi sound design, high fidelity, no music, no speech"
2026-09-28T01:19:17Z,fal-ai/elevenlabs/music,score,1,175.0,1.8000,4.8484,ok,score-1.mp3,"{""positive_global_styles"": [""original orchestral film score for a vast space battle"", ""D minor"", ""96 BPM"", ""4/4 time"", ""full symphony orchestra"", ""main theme: a five-note rising horn motif in D minor (D, F, A, then up to D and falling to C), heroic and tragic"", ""cinematic, wide, high production quality"", ""instrumental""], ""negative_global_styles"": [""vocals"", ""sung lyrics"", ""electronic dance beat"", ""electric guitar"", ""synth lead"", ""lo-fi"", ""tempo changes"", ""key changes""], ""sections"": [{""section_name"": ""intro"", ""positive_local_styles"": [""soft sustained low strings on a D pedal"", ""very quiet""], ""negative_local_styles"": [""percussion"", ""brass""], ""duration_ms"": 5000, ""lines"": []}, {""section_name"": ""calm"", ""positive_local_styles"": [""calm ambient"", ""sparse sustained strings"", ""a soft solo horn states the main theme quietly"", ""spacious, suspended, uneasy""], ""negative_local_styles"": [""drums"", ""percussion"", ""loud brass""], ""duration_ms"": 35000, ""lines"": []}, {""section_name"": ""tension"", ""positive_local_styles"": [""building tension"", ""driving eighth-note string ostinato"", ""low brass stabs"", ""soft timpani pulse"", ""the main theme in low horns""], ""negative_local_styles"": [""full percussion climax""], ""duration_ms"": 40000, ""lines"": []}, {""section_name"": ""battle"", ""positive_local_styles"": [""full battle"", ""driving taiko and snare percussion"", ""full brass playing the main theme heroically"", ""fast string runs"", ""very intense and loud""], ""negative_local_styles"": [""quiet passages""], ""duration_ms"": 55000, ""lines"": []}, {""section_name"": ""victory"", ""positive_local_styles"": [""victory coda"", ""triumphant D major resolution of the main theme in the brass"", ""a long sustained final chord""], ""negative_local_styles"": [""percussion loop""], ""duration_ms"": 20000, ""lines"": []}, {""section_name"": ""defeat"", ""positive_local_styles"": [""defeat coda"", ""slow sorrowful lament of the main theme on solo horn over strings"", ""fading to silence""], ""negative_local_styles"": [""percussion"", ""triumphant brass""], ""duration_ms"": 20000, ""lines"": []}]}"
2026-09-28T01:21:01Z,fal-ai/elevenlabs/music,score-calm,1,57.5,0.6000,5.4484,ok,score-calm-1.mp3,"Calm, spacious orchestral film score in D minor at exactly 96 BPM, 4/4. Sparse sustained strings and a soft solo horn quietly stating a five-note rising horn motif in D minor (D, F, A, then up to D and falling to C), heroic and tragic. The uneasy calm before a vast space battle: suspended, patient, dark. No percussion. Instrumental, cinematic, high production quality."
2026-09-28T01:32:48Z,fal-ai/elevenlabs/sound-effects/v2,eng-f-10,3,8.0,0.0160,5.4644,ok,eng-f-10-3.wav,"Starship engine, continuous and steady, heard from close by: small fast starship at speed, bright clean high-pitched humming whine with a smooth warm pulse, no low rumble. Seamless steady loop, cinematic sci-fi sound design, high fidelity, no music, no speech"
2026-09-28T01:32:48Z,fal-ai/elevenlabs/sound-effects/v2,eng-f-10,4,8.0,0.0160,5.4804,ok,eng-f-10-4.wav,"Starship engine, continuous and steady, heard from close by: small fast starship at speed, bright clean high-pitched humming whine with a smooth warm pulse, no low rumble. Seamless steady loop, cinematic sci-fi sound design, high fidelity, no music, no speech"
2026-09-28T01:32:56Z,fal-ai/elevenlabs/sound-effects/v2,shield-ring,5,1.2,0.0024,5.4828,ok,shield-ring-5.wav,"Energy deflector shield absorbing a weapon hit, resonant ringing electronic shimmer with a soft wobble, bright and tonal. Close-up, dry, cinematic sci-fi sound design, high fidelity, no music, no speech"
2026-09-28T01:32:56Z,fal-ai/elevenlabs/sound-effects/v2,shield-ring,6,1.2,0.0024,5.4852,ok,shield-ring-6.wav,"Energy deflector shield absorbing a weapon hit, resonant ringing electronic shimmer with a soft wobble, bright and tonal. Close-up, dry, cinematic sci-fi sound design, high fidelity, no music, no speech"
